email_id,email_length,word_count,html_ratio,url_count,ip_count,attachment_count,urgency_keyword_count,credential_request_flag,financial_request_flag,is_shortened_url_present,label
EML-2026-00001,707,123,0.6514,1,0,0,0,0,0,0,0
EML-2026-00002,430,73,0.6418,4,0,0,3,1,1,1,1
EML-2026-00003,868,146,0.5704,3,0,0,1,0,1,0,1
EML-2026-00004,1039,172,0.1097,1,3,0,0,1,1,1,1
EML-2026-00005,642,119,0.692,0,0,1,1,0,1,0,0
EML-2026-00006,778,155,0.4196,0,0,1,0,0,1,0,0
EML-2026-00007,715,117,0.9012,1,0,0,0,0,0,0,0
EML-2026-00008,473,81,0.7953,0,1,1,1,1,1,0,1
EML-2026-00009,1029,164,0.5995,4,0,1,4,1,0,1,1
EML-2026-00010,699,112,0.3144,2,0,0,1,1,0,1,1
EML-2026-00011,855,136,0.2732,2,0,0,0,1,0,0,0
EML-2026-00012,990,172,0.3893,1,1,0,3,0,0,1,1
EML-2026-00013,586,106,0.5051,1,1,0,6,1,1,0,1
EML-2026-00014,554,89,0.3517,1,0,0,0,0,0,0,0
EML-2026-00015,583,102,0.5377,2,0,0,0,0,0,0,0
EML-2026-00016,1052,199,0.2406,1,0,0,0,0,0,0,0
EML-2026-00017,458,72,0.9311,1,0,0,0,1,1,0,0
EML-2026-00018,1175,185,0.1917,4,1,1,0,0,0,0,1
EML-2026-00019,712,124,0.8922,2,1,0,0,0,0,0,0
EML-2026-00020,732,143,0.8765,1,0,1,0,0,0,0,0
EML-2026-00021,973,174,0.5466,4,0,0,0,0,1,0,1
EML-2026-00022,681,109,0.7162,1,0,0,1,0,0,0,0
EML-2026-00023,984,154,0.4706,1,0,1,0,0,0,0,0
EML-2026-00024,536,101,0.6355,1,0,0,0,0,0,0,0
EML-2026-00025,1110,217,0.3895,1,0,0,2,0,0,0,0
EML-2026-00026,602,95,0.356,1,0,1,1,0,1,0,1
EML-2026-00027,1127,201,0.5915,1,0,0,3,0,0,1,0
EML-2026-00028,607,104,0.5234,0,1,0,2,0,1,0,1
EML-2026-00029,640,99,0.5926,3,0,0,1,0,1,0,1
EML-2026-00030,437,85,0.3437,0,0,1,1,0,0,0,0
EML-2026-00031,533,89,0.4119,0,0,0,1,1,0,1,1
EML-2026-00032,651,127,0.1713,2,0,0,1,0,0,0,0
EML-2026-00033,722,129,0.1444,0,0,0,0,0,0,0,0
EML-2026-00034,1005,161,0.3154,5,0,0,0,0,0,0,1
EML-2026-00035,656,116,0.1631,4,0,1,5,0,1,0,1
EML-2026-00036,466,71,0.1882,2,1,0,2,0,0,0,1
EML-2026-00037,765,131,0.791,0,0,0,1,0,0,0,0
EML-2026-00038,704,128,0.133,2,0,0,0,1,0,0,0
EML-2026-00039,847,158,0.6601,2,0,1,1,1,0,1,1
EML-2026-00040,510,92,0.3317,0,0,0,0,0,0,0,0
EML-2026-00041,533,95,0.8408,0,0,1,0,0,0,0,0
EML-2026-00042,510,99,0.5122,0,0,1,0,0,1,0,0
EML-2026-00043,1028,185,0.3597,0,0,0,0,0,0,0,0
EML-2026-00044,1164,204,0.54,1,0,0,4,1,0,1,1
EML-2026-00045,524,86,0.4247,0,0,0,1,0,0,0,0
EML-2026-00046,578,96,0.5797,2,0,1,2,0,1,1,1
EML-2026-00047,840,138,0.1974,1,1,0,0,0,0,0,0
EML-2026-00048,1214,242,0.9474,1,1,0,1,1,0,1,1
EML-2026-00049,1316,247,0.4617,0,0,1,3,1,1,1,1
EML-2026-00050,515,85,0.396,1,2,0,0,0,1,0,0
EML-2026-00051,615,107,0.7037,3,1,0,0,1,1,0,1
EML-2026-00052,787,157,0.4093,0,0,0,2,1,0,0,1
EML-2026-00053,801,129,0.8083,0,1,0,1,1,1,0,1
EML-2026-00054,665,107,0.4861,1,1,1,0,1,0,0,1
EML-2026-00055,527,90,0.7116,1,0,0,0,1,0,0,1
EML-2026-00056,701,137,0.1913,3,2,0,3,0,1,1,1
EML-2026-00057,1265,205,0.8192,0,0,1,0,0,0,0,0
EML-2026-00058,536,91,0.7254,0,0,0,0,0,0,0,0
EML-2026-00059,720,116,0.28,0,0,2,0,0,0,0,0
EML-2026-00060,1603,261,0.2235,1,1,2,0,0,0,1,0
EML-2026-00061,533,85,0.3688,0,0,0,1,0,0,0,0
EML-2026-00062,856,148,0.9297,3,0,0,1,0,0,0,0
EML-2026-00063,1338,256,0.3183,2,0,1,1,1,0,0,1
EML-2026-00064,827,137,0.4877,0,1,0,0,0,0,0,0
EML-2026-00065,999,168,0.1255,1,0,0,0,0,1,0,0
EML-2026-00066,950,155,0.4376,2,0,1,1,0,1,1,1
EML-2026-00067,802,152,0.5856,0,0,0,0,0,0,0,0
EML-2026-00068,1150,217,0.9102,1,0,1,0,0,1,1,1
EML-2026-00069,845,133,0.5392,0,0,0,0,0,0,0,0
EML-2026-00070,667,108,0.7962,4,2,0,1,1,0,0,1
EML-2026-00071,748,117,0.5651,1,0,0,0,1,0,0,1
EML-2026-00072,761,123,0.1347,0,0,2,0,0,0,0,0
EML-2026-00073,564,95,0.3678,2,0,0,0,0,0,0,0
EML-2026-00074,761,127,0.5892,2,0,1,0,0,0,0,1
EML-2026-00075,722,113,0.908,1,1,0,1,0,1,1,1
EML-2026-00076,894,152,0.8303,5,0,0,1,1,0,0,1
EML-2026-00077,1478,248,0.2941,3,2,0,1,0,1,0,1
EML-2026-00078,727,138,0.2871,1,0,0,1,0,0,1,0
EML-2026-00079,1176,205,0.271,1,0,0,1,0,1,0,0
EML-2026-00080,832,136,0.8841,2,0,0,0,0,1,0,0
EML-2026-00081,759,140,0.8248,1,0,0,2,0,0,0,1
EML-2026-00082,602,113,0.7587,1,0,1,1,1,0,0,1
EML-2026-00083,711,129,0.4338,0,1,0,0,1,0,0,0
EML-2026-00084,695,129,0.5287,1,0,2,0,0,1,0,0
EML-2026-00085,497,93,0.4947,2,0,0,0,0,0,0,0
EML-2026-00086,527,93,0.3154,1,0,0,0,1,0,0,0
EML-2026-00087,813,127,0.5293,1,1,0,1,0,0,0,1
EML-2026-00088,1221,211,0.1259,5,0,0,2,1,0,1,1
EML-2026-00089,693,131,0.212,3,0,0,3,0,1,0,1
EML-2026-00090,362,70,0.8536,1,0,0,1,0,0,0,0
EML-2026-00091,261,43,0.7389,0,0,0,1,0,0,0,0
EML-2026-00092,484,86,0.4594,3,1,1,1,1,0,0,1
EML-2026-00093,914,146,0.5396,1,0,0,2,0,0,1,1
EML-2026-00094,439,73,0.4145,3,0,1,1,1,1,0,1
EML-2026-00095,967,156,0.7297,5,2,0,3,0,0,0,1
EML-2026-00096,846,156,0.7666,0,0,0,0,0,1,0,0
EML-2026-00097,684,113,0.7488,1,0,0,1,1,0,0,1
EML-2026-00098,350,64,0.7142,1,0,0,0,0,0,0,0
EML-2026-00099,499,77,0.2738,0,0,0,0,1,0,0,0
EML-2026-00100,599,100,0.3873,0,0,0,0,0,1,0,0
EML-2026-00101,756,137,0.4994,1,1,0,0,0,1,0,0
EML-2026-00102,444,82,0.3812,1,0,0,1,1,0,0,1
EML-2026-00103,1123,212,0.7417,2,0,0,0,1,0,1,0
EML-2026-00104,803,132,0.38,1,1,0,1,1,1,1,1
EML-2026-00105,836,156,0.2175,3,0,0,0,0,1,1,1
EML-2026-00106,843,143,0.4392,1,0,2,1,0,0,0,0
EML-2026-00107,1080,200,0.9329,0,0,1,0,0,0,0,0
EML-2026-00108,762,127,0.292,5,0,0,3,0,1,0,1
EML-2026-00109,864,138,0.6203,2,0,1,0,0,0,0,0
EML-2026-00110,502,81,0.468,0,0,1,0,0,0,0,0
EML-2026-00111,1268,206,0.1604,0,0,0,0,0,0,0,0
EML-2026-00112,693,131,0.5147,0,0,0,2,0,0,1,0
EML-2026-00113,551,107,0.6968,1,0,2,0,0,1,0,1
EML-2026-00114,602,99,0.5362,3,2,0,1,1,1,1,1
EML-2026-00115,349,62,0.8413,0,0,1,0,1,1,0,1
EML-2026-00116,600,106,0.3456,0,1,0,1,1,1,0,1
EML-2026-00117,287,56,0.1733,1,0,0,3,1,1,0,1
EML-2026-00118,889,164,0.8961,0,0,0,0,0,0,0,0
EML-2026-00119,827,163,0.4215,2,0,0,1,0,0,0,1
EML-2026-00120,494,78,0.5899,0,0,1,1,1,0,1,1
EML-2026-00121,697,129,0.7732,4,1,2,0,1,0,0,1
EML-2026-00122,709,121,0.3757,2,0,0,0,1,0,0,1
EML-2026-00123,410,81,0.7087,1,1,0,1,0,0,0,0
EML-2026-00124,604,100,0.2151,4,0,1,0,0,0,0,0
EML-2026-00125,666,121,0.3476,1,0,0,0,0,0,0,0
EML-2026-00126,598,94,0.223,0,0,0,1,0,0,0,0
EML-2026-00127,551,87,0.7895,2,0,0,0,1,0,0,1
EML-2026-00128,488,88,0.2893,2,0,1,4,1,0,0,1
EML-2026-00129,590,92,0.7098,1,0,1,0,0,0,0,0
EML-2026-00130,574,88,0.9018,3,1,0,0,0,1,0,1
EML-2026-00131,821,131,0.5486,0,0,0,0,0,0,0,0
EML-2026-00132,1106,176,0.559,3,0,2,0,0,0,0,0
EML-2026-00133,935,174,0.4919,2,0,0,1,0,0,0,0
EML-2026-00134,675,115,0.377,1,0,0,0,0,0,0,0
EML-2026-00135,558,109,0.5043,1,1,0,3,0,1,0,1
EML-2026-00136,925,179,0.6124,1,0,1,0,0,1,0,0
EML-2026-00137,891,137,0.9381,1,1,0,1,1,1,0,1
EML-2026-00138,1125,204,0.8971,2,0,0,3,1,0,0,1
EML-2026-00139,712,116,0.8328,1,0,0,1,0,0,0,0
EML-2026-00140,1291,207,0.8558,1,1,0,2,0,0,0,1
EML-2026-00141,762,121,0.4977,3,0,0,0,1,1,0,1
EML-2026-00142,507,78,0.6588,3,0,0,0,0,1,0,0
EML-2026-00143,543,101,0.8608,1,0,0,0,0,0,0,0
EML-2026-00144,806,159,0.434,0,0,0,0,0,1,0,0
EML-2026-00145,524,93,0.9175,0,0,0,1,0,0,0,0
EML-2026-00146,1237,238,0.4534,1,0,0,2,0,1,0,0
EML-2026-00147,830,164,0.6109,1,0,1,1,1,1,0,1
EML-2026-00148,719,129,0.7033,6,1,1,0,1,0,0,1
EML-2026-00149,691,111,0.908,2,0,0,0,0,0,0,0
EML-2026-00150,595,101,0.3079,0,0,1,1,0,0,0,0
EML-2026-00151,379,69,0.7342,3,1,0,3,1,0,1,1
EML-2026-00152,543,90,0.5427,0,0,2,0,0,0,0,0
EML-2026-00153,1175,219,0.3283,2,0,0,0,0,0,1,0
EML-2026-00154,720,143,0.7601,1,0,0,0,1,0,0,0
EML-2026-00155,1027,167,0.5694,5,1,0,2,1,0,1,1
EML-2026-00156,988,166,0.6618,0,0,0,0,0,0,0,0
EML-2026-00157,700,113,0.3745,3,1,2,1,1,1,0,1
EML-2026-00158,896,177,0.5091,2,0,0,1,1,0,1,1
EML-2026-00159,342,54,0.6248,1,0,0,0,0,0,0,0
EML-2026-00160,1186,200,0.4442,2,1,0,1,0,1,1,1
EML-2026-00161,1099,188,0.2686,2,0,1,1,1,0,0,0
EML-2026-00162,848,142,0.9174,3,0,0,2,1,1,1,1
EML-2026-00163,780,123,0.5347,3,0,0,1,0,1,0,1
EML-2026-00164,703,119,0.7238,5,0,2,3,1,0,0,1
EML-2026-00165,1022,174,0.4494,0,0,0,0,0,0,0,0
EML-2026-00166,934,144,0.4019,2,0,0,1,0,0,0,1
EML-2026-00167,198,32,0.4461,2,0,1,0,1,0,0,0
EML-2026-00168,571,100,0.4478,0,0,0,0,0,1,0,0
EML-2026-00169,417,68,0.5626,0,0,0,0,0,0,0,0
EML-2026-00170,436,78,0.5619,3,1,0,0,0,1,0,1
EML-2026-00171,1068,199,0.5226,1,0,1,1,1,1,0,1
EML-2026-00172,647,109,0.2146,2,0,0,0,0,0,0,0
EML-2026-00173,842,131,0.5217,2,0,1,3,1,1,0,1
EML-2026-00174,680,106,0.2437,0,1,1,2,0,0,0,0
EML-2026-00175,438,79,0.2072,3,1,0,0,1,0,1,1
EML-2026-00176,345,59,0.8927,1,0,1,1,0,0,1,0
EML-2026-00177,606,113,0.6142,0,0,0,2,0,1,0,1
EML-2026-00178,574,88,0.6606,1,0,0,1,0,0,0,0
EML-2026-00179,624,96,0.4415,3,0,1,3,0,0,0,1
EML-2026-00180,580,97,0.8726,2,1,2,0,0,0,0,0
EML-2026-00181,1389,223,0.6422,1,0,0,0,0,1,0,0
EML-2026-00182,971,159,0.7538,1,0,0,0,0,0,0,0
EML-2026-00183,774,131,0.4133,3,1,0,1,1,0,0,1
EML-2026-00184,691,136,0.916,2,0,0,0,0,0,1,1
EML-2026-00185,650,114,0.7974,0,1,0,0,0,0,0,0
EML-2026-00186,922,153,0.8259,1,0,0,2,0,0,0,1
EML-2026-00187,689,114,0.2464,0,0,0,0,1,0,1,1
EML-2026-00188,982,176,0.3303,3,0,0,1,1,1,1,1
EML-2026-00189,804,125,0.3428,1,1,0,1,0,1,1,1
EML-2026-00190,1394,265,0.3303,2,0,1,1,0,0,0,0
EML-2026-00191,624,108,0.8271,0,0,1,0,0,0,1,0
EML-2026-00192,1049,173,0.1271,2,0,0,0,1,0,1,1
EML-2026-00193,481,79,0.1647,2,0,0,1,1,0,1,1
EML-2026-00194,563,94,0.3328,0,0,0,1,1,0,1,1
EML-2026-00195,1317,243,0.2699,1,0,0,0,0,0,0,0
EML-2026-00196,917,175,0.2971,0,0,0,0,1,0,0,0
EML-2026-00197,848,142,0.7783,1,1,1,1,1,1,0,1
EML-2026-00198,1592,269,0.5787,2,0,0,1,0,1,1,1
EML-2026-00199,695,131,0.1049,5,0,0,3,1,1,0,1
EML-2026-00200,1048,173,0.4649,6,1,0,3,1,0,0,1
EML-2026-00201,1077,189,0.4467,3,0,0,1,0,1,0,1
EML-2026-00202,1199,199,0.1969,1,0,0,1,0,1,0,0
EML-2026-00203,412,65,0.6747,0,0,2,0,0,0,0,0
EML-2026-00204,693,131,0.6968,1,0,0,2,0,0,1,1
EML-2026-00205,799,158,0.7128,3,2,0,5,1,1,0,1
EML-2026-00206,1191,193,0.7192,0,0,0,0,0,0,0,0
EML-2026-00207,785,132,0.1,0,0,1,1,0,0,0,0
EML-2026-00208,1078,178,0.9108,1,0,0,2,1,1,0,1
EML-2026-00209,398,63,0.7921,0,1,0,1,0,0,0,0
EML-2026-00210,586,94,0.8684,1,0,1,0,0,0,0,0
EML-2026-00211,1147,178,0.1133,4,0,0,2,1,1,0,1
EML-2026-00212,666,114,0.8938,1,0,0,4,1,1,1,1
EML-2026-00213,714,124,0.7883,1,0,0,1,1,0,0,1
EML-2026-00214,1183,211,0.8116,0,0,0,1,0,0,0,0
EML-2026-00215,517,98,0.1793,1,0,0,0,1,0,0,1
EML-2026-00216,510,87,0.728,0,0,0,3,0,0,0,0
EML-2026-00217,382,70,0.9159,1,0,0,0,1,0,0,0
EML-2026-00218,1252,196,0.6768,1,0,0,2,0,0,1,1
EML-2026-00219,1014,172,0.585,0,0,0,3,1,0,1,1
EML-2026-00220,1005,170,0.9038,3,0,0,1,0,0,1,1
EML-2026-00221,629,113,0.4765,0,1,0,1,1,1,0,1
EML-2026-00222,421,82,0.6094,3,0,1,0,1,1,1,1
EML-2026-00223,332,65,0.5049,1,0,0,1,0,0,0,0
EML-2026-00224,1100,195,0.8929,1,1,0,0,0,0,0,0
EML-2026-00225,819,159,0.1647,4,0,0,0,0,0,0,0
EML-2026-00226,880,148,0.526,0,0,0,0,0,0,0,0
EML-2026-00227,786,124,0.6839,1,0,0,0,0,0,0,1
EML-2026-00228,486,76,0.7731,0,0,0,1,0,0,0,0
EML-2026-00229,640,106,0.5956,1,1,0,1,0,1,0,1
EML-2026-00230,490,92,0.8726,2,1,0,3,1,1,0,1
EML-2026-00231,469,74,0.9007,4,0,1,2,1,0,0,1
EML-2026-00232,983,155,0.1547,1,0,0,2,0,1,1,1
EML-2026-00233,393,74,0.442,2,1,0,2,1,0,0,1
EML-2026-00234,441,72,0.1199,0,0,0,1,0,1,0,0
EML-2026-00235,603,111,0.38,2,1,0,1,1,0,0,0
EML-2026-00236,737,118,0.5563,0,0,0,0,1,0,0,1
EML-2026-00237,380,58,0.8742,0,0,0,0,0,0,0,0
EML-2026-00238,340,67,0.8196,0,0,0,0,0,0,0,0
EML-2026-00239,832,131,0.2084,2,0,1,2,1,1,0,1
EML-2026-00240,720,121,0.1791,0,0,1,0,0,1,0,0
EML-2026-00241,1143,176,0.6009,3,0,0,1,0,1,0,1
EML-2026-00242,742,130,0.5523,2,0,0,4,0,1,0,1
EML-2026-00243,862,137,0.3264,5,0,1,2,0,1,0,1
EML-2026-00244,497,97,0.8645,0,0,0,0,0,0,0,0
EML-2026-00245,505,91,0.8883,0,0,0,1,0,0,0,0
EML-2026-00246,445,87,0.4422,2,0,0,5,0,0,0,1
EML-2026-00247,498,77,0.8568,2,0,0,0,0,0,0,0
EML-2026-00248,636,102,0.4264,1,0,0,0,1,0,1,1
EML-2026-00249,1099,175,0.7263,1,0,0,2,0,0,1,1
EML-2026-00250,520,81,0.5046,3,0,0,2,0,0,1,1
EML-2026-00251,1420,276,0.2042,1,0,0,0,0,0,0,0
EML-2026-00252,840,150,0.8887,1,0,1,0,0,1,0,0
EML-2026-00253,824,161,0.486,1,0,0,2,0,0,0,1
EML-2026-00254,671,126,0.7243,1,0,0,0,0,0,0,0
EML-2026-00255,622,116,0.4121,1,0,0,1,0,0,0,0
EML-2026-00256,577,101,0.116,2,1,1,0,1,1,1,1
EML-2026-00257,424,78,0.1855,2,0,1,2,0,0,0,1
EML-2026-00258,526,102,0.5218,0,0,0,0,0,0,0,1
EML-2026-00259,1251,238,0.6865,1,0,0,1,1,0,0,1
EML-2026-00260,820,157,0.3845,0,0,1,0,0,0,0,0
EML-2026-00261,1247,193,0.6912,1,0,0,2,1,0,1,1
EML-2026-00262,572,93,0.6938,1,0,0,0,1,1,0,1
EML-2026-00263,435,67,0.6983,0,0,0,1,0,0,0,0
EML-2026-00264,718,126,0.5186,3,0,0,2,0,1,1,1
EML-2026-00265,533,98,0.8777,4,1,0,1,1,0,0,1
EML-2026-00266,772,124,0.5158,1,0,0,1,0,0,1,1
EML-2026-00267,395,71,0.4827,3,0,0,1,1,1,1,1
EML-2026-00268,335,61,0.2695,5,0,1,2,1,0,1,1
EML-2026-00269,762,142,0.3615,0,0,1,0,0,0,0,0
EML-2026-00270,1215,233,0.136,1,0,1,0,0,0,0,0
EML-2026-00271,825,153,0.6385,3,0,2,0,1,0,0,1
EML-2026-00272,867,156,0.3113,3,1,0,2,1,0,0,1
EML-2026-00273,729,121,0.3585,4,0,0,1,0,0,0,1
EML-2026-00274,755,148,0.7552,3,1,0,2,0,0,0,1
EML-2026-00275,417,78,0.3781,6,0,1,0,1,0,0,1
EML-2026-00276,540,86,0.3059,3,0,0,1,1,0,1,1
EML-2026-00277,1095,209,0.2437,2,0,2,2,1,0,0,1
EML-2026-00278,471,85,0.7586,2,0,0,3,0,1,0,1
EML-2026-00279,631,100,0.2103,2,1,1,3,1,1,0,1
EML-2026-00280,1087,207,0.4857,4,1,0,2,1,0,0,1
EML-2026-00281,747,145,0.5309,4,0,0,0,1,1,1,1
EML-2026-00282,711,124,0.6843,0,0,1,1,0,1,0,0
EML-2026-00283,583,106,0.6383,0,0,0,1,0,1,0,0
EML-2026-00284,864,147,0.7891,0,1,1,1,0,0,0,0
EML-2026-00285,996,160,0.138,0,0,0,2,0,0,0,1
EML-2026-00286,479,92,0.352,0,0,0,0,1,0,0,0
EML-2026-00287,380,64,0.3381,1,0,0,0,0,0,0,0
EML-2026-00288,356,61,0.2241,3,1,0,1,0,1,0,1
EML-2026-00289,802,153,0.3458,1,0,0,0,0,0,0,0
EML-2026-00290,816,137,0.3633,4,1,0,3,1,1,0,1
EML-2026-00291,1586,293,0.5436,1,0,0,2,0,0,0,0
EML-2026-00292,681,118,0.6641,1,0,0,0,0,0,0,0
EML-2026-00293,684,133,0.4239,3,0,0,1,1,0,0,1
EML-2026-00294,732,128,0.7115,1,0,0,0,0,0,0,0
EML-2026-00295,747,136,0.3857,0,1,1,0,0,0,0,0
EML-2026-00296,665,106,0.3467,1,0,0,2,0,1,1,1
EML-2026-00297,536,105,0.56,3,1,0,3,1,1,1,1
EML-2026-00298,667,118,0.1202,0,0,0,1,0,0,0,0
EML-2026-00299,707,124,0.1678,3,1,0,1,0,1,0,1
EML-2026-00300,653,107,0.4553,0,0,0,0,0,0,0,0
EML-2026-00301,899,153,0.9015,0,0,2,1,0,0,0,0
EML-2026-00302,712,118,0.7133,3,0,1,4,0,0,1,1
EML-2026-00303,434,70,0.1749,5,1,0,5,0,1,0,1
EML-2026-00304,566,89,0.8194,0,1,0,3,1,1,0,1
EML-2026-00305,662,121,0.7225,1,2,1,2,1,0,1,1
EML-2026-00306,724,124,0.6193,2,0,0,0,1,0,0,1
EML-2026-00307,858,137,0.7972,1,0,0,2,1,1,1,1
EML-2026-00308,676,104,0.4435,0,0,0,1,0,0,0,0
EML-2026-00309,338,53,0.2883,6,1,0,1,1,0,0,1
EML-2026-00310,401,72,0.5352,1,1,2,1,0,0,0,0
EML-2026-00311,830,156,0.5665,1,0,0,0,0,0,0,0
EML-2026-00312,606,105,0.5576,1,0,0,0,0,0,0,0
EML-2026-00313,699,114,0.5803,1,0,0,0,0,0,0,0
EML-2026-00314,627,109,0.9064,2,0,1,1,0,0,1,1
EML-2026-00315,565,98,0.8669,3,0,1,0,0,1,1,1
EML-2026-00316,635,101,0.8444,4,0,0,3,0,1,0,1
EML-2026-00317,702,126,0.7812,0,0,0,0,0,1,0,0
EML-2026-00318,660,104,0.9019,1,0,0,1,0,0,0,0
EML-2026-00319,943,168,0.1837,1,0,1,1,0,0,0,0
EML-2026-00320,356,64,0.3254,1,0,1,1,0,0,0,0
EML-2026-00321,425,74,0.5208,3,1,0,1,0,1,0,1
EML-2026-00322,653,106,0.8196,3,1,1,3,1,0,0,1
EML-2026-00323,862,166,0.5294,2,0,0,0,0,0,0,1
EML-2026-00324,880,166,0.7358,0,0,0,0,0,0,0,0
EML-2026-00325,573,89,0.2181,2,0,0,1,1,0,1,1
EML-2026-00326,271,51,0.3146,2,1,0,5,0,1,0,1
EML-2026-00327,579,98,0.722,1,1,0,2,0,0,1,1
EML-2026-00328,817,139,0.24,0,0,0,0,1,1,1,1
EML-2026-00329,656,114,0.3987,0,1,0,0,1,1,1,0
EML-2026-00330,823,137,0.3251,1,0,0,0,0,0,0,0
EML-2026-00331,1030,192,0.3974,0,0,0,1,0,0,0,0
EML-2026-00332,669,114,0.7021,2,0,0,2,0,1,0,1
EML-2026-00333,552,99,0.4127,0,0,0,0,1,1,0,0
EML-2026-00334,460,76,0.572,0,0,0,1,0,0,0,0
EML-2026-00335,374,71,0.1849,0,0,0,1,0,0,0,0
EML-2026-00336,337,57,0.7843,1,0,1,0,0,0,0,0
EML-2026-00337,553,104,0.4144,1,1,1,7,1,1,0,1
EML-2026-00338,1025,189,0.6513,0,0,1,2,0,1,1,1
EML-2026-00339,854,160,0.7166,0,0,0,0,0,0,0,0
EML-2026-00340,542,102,0.2782,0,0,0,0,0,0,0,0
EML-2026-00341,1426,228,0.852,4,0,0,0,0,0,0,0
EML-2026-00342,517,95,0.6238,1,0,0,0,0,0,0,0
EML-2026-00343,1069,167,0.4644,1,0,0,0,1,0,1,0
EML-2026-00344,1170,181,0.255,1,0,0,1,0,0,0,0
EML-2026-00345,787,134,0.901,0,0,1,0,0,0,0,0
EML-2026-00346,552,105,0.7418,2,0,0,0,1,0,0,1
EML-2026-00347,620,111,0.2768,4,0,1,0,1,0,1,1
EML-2026-00348,709,114,0.3871,0,0,1,0,0,0,0,0
EML-2026-00349,378,68,0.7882,2,1,0,0,0,0,0,0
EML-2026-00350,494,96,0.6913,0,0,1,0,0,0,0,1
EML-2026-00351,480,82,0.7509,0,0,0,1,1,0,1,1
EML-2026-00352,860,137,0.475,3,0,1,0,1,0,0,1
EML-2026-00353,1077,173,0.709,3,0,0,0,1,0,0,1
EML-2026-00354,867,164,0.4285,1,1,1,0,1,0,0,0
EML-2026-00355,959,159,0.2796,0,0,0,1,0,0,0,0
EML-2026-00356,535,100,0.6378,4,0,1,1,1,1,0,1
EML-2026-00357,580,108,0.9296,0,0,0,0,0,0,0,0
EML-2026-00358,647,102,0.364,3,1,0,2,1,1,1,1
EML-2026-00359,836,155,0.4918,1,0,1,2,0,1,0,1
EML-2026-00360,559,103,0.6729,2,0,1,1,0,0,1,1
EML-2026-00361,936,187,0.5603,1,0,0,1,0,0,0,0
EML-2026-00362,1207,191,0.8169,2,0,0,1,1,1,1,1
EML-2026-00363,802,129,0.7475,1,0,0,1,0,0,0,0
EML-2026-00364,620,104,0.1496,1,0,2,5,1,0,0,1
EML-2026-00365,519,84,0.9487,3,1,1,0,0,0,0,1
EML-2026-00366,430,82,0.7395,0,1,1,0,1,0,0,0
EML-2026-00367,339,59,0.8343,3,0,0,0,1,1,0,1
EML-2026-00368,654,118,0.6535,4,0,0,1,0,1,0,1
EML-2026-00369,591,114,0.8278,3,0,0,0,0,0,0,0
EML-2026-00370,913,159,0.1955,0,0,1,0,0,0,0,0
EML-2026-00371,522,81,0.3956,1,1,0,0,0,0,0,0
EML-2026-00372,617,121,0.845,0,0,1,0,0,0,0,0
EML-2026-00373,736,135,0.2714,3,1,0,0,0,0,0,0
EML-2026-00374,847,159,0.1665,2,0,0,1,1,1,1,1
EML-2026-00375,872,162,0.7699,0,0,0,1,1,0,0,0
EML-2026-00376,708,111,0.8102,0,0,0,1,0,0,0,0
EML-2026-00377,436,76,0.2383,5,0,0,1,1,0,1,1
EML-2026-00378,770,135,0.8262,1,0,0,0,0,0,0,0
EML-2026-00379,557,90,0.6838,3,0,0,1,1,1,1,1
EML-2026-00380,1046,199,0.5421,0,0,1,0,0,0,0,0
EML-2026-00381,665,116,0.8057,1,0,0,0,0,0,0,0
EML-2026-00382,774,137,0.4564,3,0,0,3,0,0,1,1
EML-2026-00383,1691,286,0.2649,0,0,0,1,0,0,0,1
EML-2026-00384,928,142,0.3421,2,2,0,2,1,1,1,1
EML-2026-00385,814,132,0.5294,2,0,1,2,1,0,0,1
EML-2026-00386,674,120,0.5516,2,0,0,0,1,1,0,1
EML-2026-00387,398,63,0.7847,1,0,1,1,0,0,0,0
EML-2026-00388,607,115,0.7726,0,0,0,0,0,0,0,0
EML-2026-00389,517,102,0.5942,3,1,0,0,1,0,1,1
EML-2026-00390,1264,238,0.7637,2,2,0,0,1,1,1,1
EML-2026-00391,818,148,0.263,3,0,0,1,1,1,0,1
EML-2026-00392,1031,178,0.1426,2,0,0,0,0,0,0,0
EML-2026-00393,516,87,0.8426,2,0,1,0,0,0,0,0
EML-2026-00394,530,83,0.1642,4,0,0,3,1,1,0,1
EML-2026-00395,845,146,0.3097,1,0,0,0,0,0,0,0
EML-2026-00396,510,88,0.691,0,0,0,2,0,1,0,1
EML-2026-00397,604,119,0.448,3,1,0,1,1,1,0,1
EML-2026-00398,1237,244,0.8449,2,0,0,0,0,0,0,0
EML-2026-00399,612,105,0.3533,3,0,0,0,0,1,1,1
EML-2026-00400,416,73,0.1101,2,0,0,2,1,1,0,1
EML-2026-00401,316,50,0.3556,0,0,0,0,1,1,0,0
EML-2026-00402,400,76,0.5914,2,1,0,2,0,1,0,1
EML-2026-00403,1105,219,0.4195,1,0,1,3,1,1,0,1
EML-2026-00404,578,101,0.5546,2,0,0,2,1,0,0,1
EML-2026-00405,1619,302,0.8451,2,0,0,0,0,0,0,0
EML-2026-00406,1212,238,0.8756,4,0,2,1,0,0,1,1
EML-2026-00407,1357,222,0.3261,0,0,0,0,0,0,0,0
EML-2026-00408,969,187,0.4928,1,1,0,0,0,0,0,0
EML-2026-00409,878,148,0.5668,1,0,0,2,0,0,1,1
EML-2026-00410,473,87,0.9067,0,0,0,0,0,0,0,0
EML-2026-00411,659,125,0.9488,1,0,0,1,0,0,0,0
EML-2026-00412,910,163,0.3001,3,0,2,3,0,1,1,1
EML-2026-00413,995,160,0.7179,1,0,1,0,1,1,0,1
EML-2026-00414,463,82,0.4213,4,1,1,0,1,1,0,1
EML-2026-00415,661,107,0.1069,3,0,1,2,1,0,0,1
EML-2026-00416,638,122,0.1079,3,0,0,0,0,0,0,0
EML-2026-00417,629,102,0.4915,1,0,0,1,0,0,0,0
EML-2026-00418,434,81,0.5151,1,0,1,0,0,0,1,0
EML-2026-00419,1341,222,0.1192,2,0,2,1,1,0,1,1
EML-2026-00420,653,111,0.6839,2,0,0,2,1,0,0,1
EML-2026-00421,496,77,0.3499,1,0,1,2,0,0,0,1
EML-2026-00422,1354,242,0.5759,1,0,0,2,1,0,0,1
EML-2026-00423,1162,227,0.3558,1,1,0,0,0,1,0,0
EML-2026-00424,697,138,0.2421,0,0,0,0,0,0,0,0
EML-2026-00425,315,50,0.4461,0,0,0,1,1,0,0,0
EML-2026-00426,597,103,0.2974,3,0,0,2,1,1,0,1
EML-2026-00427,339,55,0.5546,2,0,0,1,1,0,0,0
EML-2026-00428,853,159,0.269,2,0,0,3,0,0,0,1
EML-2026-00429,532,96,0.5321,0,1,0,0,0,0,1,0
EML-2026-00430,652,129,0.2338,2,0,0,0,0,0,0,0
EML-2026-00431,1256,194,0.6703,0,0,2,0,0,0,1,0
EML-2026-00432,567,94,0.7408,4,0,0,1,1,0,0,1
EML-2026-00433,840,131,0.1938,3,0,0,2,0,0,0,1
EML-2026-00434,882,163,0.4976,2,0,0,2,0,0,0,0
EML-2026-00435,1042,176,0.1602,1,0,0,0,0,0,0,0
EML-2026-00436,684,113,0.6085,5,1,1,0,0,0,0,1
EML-2026-00437,608,111,0.3247,1,1,0,0,0,0,0,0
EML-2026-00438,653,104,0.5485,2,0,1,1,1,1,1,1
EML-2026-00439,810,126,0.5398,4,1,0,4,1,0,0,1
EML-2026-00440,1142,180,0.8857,1,1,0,1,0,0,0,0
EML-2026-00441,592,96,0.5667,0,0,0,1,0,0,0,0
EML-2026-00442,287,52,0.5955,2,0,0,0,0,0,0,1
EML-2026-00443,921,169,0.4414,1,0,0,1,0,0,0,0
EML-2026-00444,677,105,0.9067,0,1,0,2,0,1,0,0
EML-2026-00445,854,170,0.7606,3,0,0,1,1,0,0,1
EML-2026-00446,394,64,0.3426,4,0,0,2,0,1,0,1
EML-2026-00447,583,96,0.8176,0,1,2,2,0,1,0,1
EML-2026-00448,942,158,0.4675,3,0,0,3,1,0,0,1
EML-2026-00449,393,60,0.8044,2,0,0,0,0,0,0,0
EML-2026-00450,789,144,0.7995,0,0,0,0,0,0,1,0
EML-2026-00451,700,127,0.2605,4,0,0,0,1,1,0,1
EML-2026-00452,540,105,0.696,3,0,0,1,0,1,1,1
EML-2026-00453,475,83,0.347,0,0,1,1,0,0,0,0
EML-2026-00454,485,89,0.3529,2,1,2,1,1,0,1,1
EML-2026-00455,676,122,0.3519,1,0,0,0,0,0,0,0
EML-2026-00456,706,112,0.7167,0,0,0,0,0,0,0,0
EML-2026-00457,570,89,0.2954,0,0,0,0,0,0,0,0
EML-2026-00458,425,80,0.1008,1,1,0,1,0,0,0,0
EML-2026-00459,780,140,0.708,0,0,0,0,0,0,0,0
EML-2026-00460,928,145,0.2455,2,0,0,0,0,0,1,0
EML-2026-00461,836,164,0.1888,2,0,0,0,0,0,0,0
EML-2026-00462,1430,278,0.3019,0,0,0,2,0,1,1,1
EML-2026-00463,663,126,0.4229,1,0,0,2,1,0,1,1
EML-2026-00464,1147,194,0.5045,2,0,0,1,0,1,1,1
EML-2026-00465,558,106,0.1379,1,1,0,2,0,0,1,1
EML-2026-00466,477,73,0.925,1,0,0,1,0,0,0,0
EML-2026-00467,692,122,0.7087,0,0,1,1,0,0,0,0
EML-2026-00468,1245,216,0.3747,2,0,0,1,1,0,1,1
EML-2026-00469,587,109,0.3709,0,0,1,0,0,0,0,0
EML-2026-00470,394,69,0.4813,3,0,0,0,0,1,1,1
EML-2026-00471,921,153,0.6323,0,0,0,0,0,1,0,0
EML-2026-00472,690,112,0.2244,1,1,0,1,1,1,0,1
EML-2026-00473,741,120,0.2606,0,0,0,0,0,0,0,0
EML-2026-00474,536,91,0.8305,2,0,1,3,0,0,1,1
EML-2026-00475,739,116,0.3178,4,0,0,1,1,0,0,1
EML-2026-00476,413,66,0.4232,0,0,0,1,1,1,0,1
EML-2026-00477,1299,211,0.8406,0,0,0,0,0,0,0,0
EML-2026-00478,1039,204,0.6637,2,3,2,1,1,0,1,1
EML-2026-00479,727,145,0.3905,4,1,0,2,0,0,1,1
EML-2026-00480,961,180,0.6811,0,0,2,0,1,1,1,1
EML-2026-00481,559,93,0.1167,1,0,1,2,1,0,0,1
EML-2026-00482,1021,181,0.7253,2,1,0,2,1,1,0,1
EML-2026-00483,577,102,0.514,1,0,1,0,0,0,0,0
EML-2026-00484,611,96,0.7912,2,0,2,1,1,0,0,1
EML-2026-00485,497,78,0.9114,4,0,0,2,1,0,1,1
EML-2026-00486,827,129,0.8869,2,0,0,3,1,0,0,1
EML-2026-00487,666,121,0.8729,1,0,0,1,0,1,0,0
EML-2026-00488,1111,184,0.5353,0,0,0,0,0,0,0,0
EML-2026-00489,477,88,0.4061,2,0,0,1,0,0,0,1
EML-2026-00490,828,156,0.4953,4,0,0,0,1,1,1,1
EML-2026-00491,1027,194,0.6864,0,0,0,0,0,0,0,0
EML-2026-00492,1685,305,0.8514,2,0,0,2,1,0,1,1
EML-2026-00493,711,125,0.2759,1,0,0,0,0,0,0,0
EML-2026-00494,573,91,0.8805,0,0,1,0,0,1,0,0
EML-2026-00495,704,135,0.7929,1,0,1,0,0,0,0,0
EML-2026-00496,1075,176,0.932,3,0,0,0,0,0,0,0
EML-2026-00497,1125,194,0.8482,3,0,0,1,0,0,1,1
EML-2026-00498,629,115,0.3379,2,0,0,1,1,0,0,0
EML-2026-00499,1117,194,0.1901,3,0,2,1,0,0,0,1
EML-2026-00500,704,129,0.1954,1,1,0,0,0,1,0,1
EML-2026-00501,957,162,0.3475,2,1,0,3,0,1,0,1
EML-2026-00502,864,152,0.6221,1,0,1,2,1,0,1,1
EML-2026-00503,564,107,0.7837,1,1,1,0,1,0,0,0
EML-2026-00504,503,97,0.8644,0,0,1,1,1,0,0,1
EML-2026-00505,1088,186,0.6302,2,0,1,1,1,0,1,1
EML-2026-00506,1154,181,0.1048,1,0,0,0,0,0,0,0
EML-2026-00507,821,148,0.2584,4,1,0,2,1,0,0,1
EML-2026-00508,703,115,0.1848,1,0,0,2,0,1,0,1
EML-2026-00509,456,76,0.4088,1,0,0,2,0,0,0,1
EML-2026-00510,1077,168,0.5261,1,0,1,3,0,0,1,1
EML-2026-00511,786,126,0.1369,4,1,0,3,1,1,0,1
EML-2026-00512,595,101,0.3962,1,0,0,0,0,0,1,0
EML-2026-00513,967,161,0.2523,3,0,1,0,0,1,0,1
EML-2026-00514,428,67,0.65,2,1,0,0,1,1,1,1
EML-2026-00515,438,78,0.4946,2,0,2,0,0,0,0,0
EML-2026-00516,502,91,0.521,2,0,2,1,0,0,0,0
EML-2026-00517,804,160,0.4635,2,0,0,0,0,0,0,0
EML-2026-00518,757,121,0.9126,1,0,0,3,1,1,0,1
EML-2026-00519,891,143,0.2825,3,1,0,3,1,1,1,1
EML-2026-00520,999,193,0.5392,0,0,0,0,0,0,0,0
EML-2026-00521,903,153,0.7256,3,0,0,1,1,1,0,1
EML-2026-00522,1310,229,0.5733,0,0,0,0,0,0,0,0
EML-2026-00523,1048,202,0.8897,3,0,2,1,1,0,0,1
EML-2026-00524,679,104,0.4213,1,1,0,4,1,0,1,1
EML-2026-00525,582,109,0.4941,3,0,1,3,0,1,1,1
EML-2026-00526,636,124,0.1752,2,0,0,2,0,0,0,0
EML-2026-00527,864,146,0.6176,0,0,0,1,0,0,0,0
EML-2026-00528,554,90,0.345,0,0,1,1,0,0,0,0
EML-2026-00529,874,173,0.2363,0,0,0,0,1,1,0,0
EML-2026-00530,885,147,0.5629,1,0,0,2,1,0,1,1
EML-2026-00531,500,86,0.5525,4,1,0,1,0,1,0,1
EML-2026-00532,1041,201,0.1645,0,0,1,2,0,1,1,1
EML-2026-00533,810,154,0.6935,3,0,0,1,0,0,0,1
EML-2026-00534,1334,227,0.6302,3,0,0,4,1,0,0,1
EML-2026-00535,704,129,0.2607,1,0,0,2,1,1,0,1
EML-2026-00536,635,99,0.499,3,0,2,4,1,1,0,1
EML-2026-00537,478,76,0.7123,3,0,1,1,0,1,1,1
EML-2026-00538,426,65,0.55,0,0,0,0,0,0,0,0
EML-2026-00539,944,175,0.4362,1,0,1,0,0,1,0,0
EML-2026-00540,1230,190,0.374,0,0,0,0,0,0,0,0
EML-2026-00541,683,120,0.6188,1,0,0,0,1,1,0,1
EML-2026-00542,667,120,0.8982,0,0,0,0,1,1,0,1
EML-2026-00543,678,133,0.671,2,0,0,0,0,0,1,0
EML-2026-00544,1068,210,0.1635,0,1,0,3,1,1,1,1
EML-2026-00545,502,83,0.4916,3,0,0,1,1,1,0,1
EML-2026-00546,724,127,0.8572,1,0,0,0,0,1,0,0
EML-2026-00547,952,178,0.1803,0,0,1,1,0,0,1,0
EML-2026-00548,850,143,0.9405,5,0,0,2,0,0,0,1
EML-2026-00549,260,48,0.9067,1,0,0,0,0,1,0,1
EML-2026-00550,904,154,0.1665,1,0,1,0,0,0,0,1
EML-2026-00551,853,154,0.8934,3,0,0,1,1,0,0,1
EML-2026-00552,1146,183,0.4087,0,0,0,1,1,1,1,1
EML-2026-00553,1240,199,0.818,6,1,1,2,0,0,1,1
EML-2026-00554,1124,196,0.4556,4,0,0,1,0,1,1,1
EML-2026-00555,729,131,0.4747,1,0,0,1,1,0,1,1
EML-2026-00556,338,60,0.6391,1,0,0,0,1,0,0,0
EML-2026-00557,1432,230,0.7583,1,0,1,2,0,0,0,0
EML-2026-00558,615,111,0.1287,0,0,0,0,0,0,1,0
EML-2026-00559,721,135,0.6042,2,0,1,2,0,1,0,1
EML-2026-00560,1274,248,0.2587,1,0,0,3,0,1,0,1
EML-2026-00561,538,94,0.3941,2,2,0,2,0,1,1,1
EML-2026-00562,382,66,0.3958,1,0,1,0,0,0,0,0
EML-2026-00563,555,88,0.4987,0,0,0,0,0,0,0,0
EML-2026-00564,498,93,0.384,1,0,0,0,0,0,0,0
EML-2026-00565,368,66,0.1913,1,0,0,0,0,0,1,0
EML-2026-00566,688,110,0.2238,3,0,1,3,0,0,0,1
EML-2026-00567,681,109,0.1284,0,1,0,1,0,0,0,0
EML-2026-00568,360,64,0.4997,0,0,0,0,0,0,0,0
EML-2026-00569,633,111,0.9113,3,0,0,1,0,0,0,1
EML-2026-00570,486,89,0.1983,1,0,1,1,0,0,0,0
EML-2026-00571,350,54,0.9043,2,0,0,1,0,1,1,1
EML-2026-00572,740,142,0.7234,4,0,0,1,0,0,0,1
EML-2026-00573,717,112,0.6419,0,0,0,0,0,0,0,0
EML-2026-00574,536,88,0.6485,1,1,0,2,1,1,0,1
EML-2026-00575,1037,178,0.8027,1,1,0,3,1,0,0,1
EML-2026-00576,715,141,0.1909,2,0,0,1,0,1,0,1
EML-2026-00577,495,86,0.529,0,0,0,0,0,0,0,0
EML-2026-00578,402,71,0.6925,2,0,1,1,1,1,0,1
EML-2026-00579,732,139,0.5988,0,0,1,0,0,1,0,0
EML-2026-00580,802,134,0.8079,2,0,0,1,0,0,0,0
EML-2026-00581,543,84,0.1614,1,0,1,0,0,0,0,0
EML-2026-00582,748,128,0.6871,3,0,0,2,0,0,0,1
EML-2026-00583,1190,195,0.5539,0,0,1,0,0,0,0,0
EML-2026-00584,926,181,0.4223,1,0,0,0,0,0,0,0
EML-2026-00585,316,56,0.3892,3,0,0,1,0,0,1,1
EML-2026-00586,493,95,0.6277,4,0,1,0,0,0,0,0
EML-2026-00587,626,105,0.8573,0,0,1,1,0,0,0,0
EML-2026-00588,680,106,0.5217,1,0,0,2,0,0,0,0
EML-2026-00589,704,117,0.801,2,1,0,0,1,0,0,0
EML-2026-00590,782,152,0.4418,1,0,0,1,0,1,0,0
EML-2026-00591,634,114,0.187,0,0,0,0,0,0,0,0
EML-2026-00592,714,122,0.1523,4,0,0,1,1,0,0,1
EML-2026-00593,945,168,0.1436,2,0,0,1,0,0,0,0
EML-2026-00594,737,117,0.4231,0,0,1,0,0,0,0,0
EML-2026-00595,462,74,0.3867,4,1,0,2,0,1,1,1
EML-2026-00596,688,116,0.7102,1,0,0,1,0,0,0,0
EML-2026-00597,677,121,0.7314,2,1,0,1,1,0,0,1
EML-2026-00598,300,55,0.1432,1,0,0,0,0,0,0,0
EML-2026-00599,702,136,0.288,1,0,0,0,1,1,0,0
EML-2026-00600,433,78,0.3331,1,0,0,0,0,0,0,0
EML-2026-00601,950,169,0.5655,0,0,1,0,1,0,0,0
EML-2026-00602,778,129,0.2228,1,0,1,1,0,0,0,0
EML-2026-00603,404,67,0.2139,2,0,0,0,0,0,0,0
EML-2026-00604,933,182,0.9022,0,1,0,0,0,0,0,0
EML-2026-00605,1104,197,0.7836,3,0,0,0,1,1,0,0
EML-2026-00606,597,113,0.2536,1,0,1,0,0,0,0,0
EML-2026-00607,625,119,0.4456,2,1,1,0,0,0,0,0
EML-2026-00608,897,143,0.4023,0,1,0,0,0,0,0,0
EML-2026-00609,1120,221,0.7724,0,0,0,5,1,1,0,1
EML-2026-00610,380,67,0.5337,2,0,1,3,1,0,0,1
EML-2026-00611,422,80,0.2087,0,0,0,0,1,1,0,0
EML-2026-00612,610,96,0.7281,3,0,0,5,1,0,1,1
EML-2026-00613,633,108,0.4374,3,0,1,1,1,0,0,1
EML-2026-00614,887,165,0.3235,0,0,1,0,0,0,0,0
EML-2026-00615,1122,195,0.4192,0,0,0,1,1,0,1,1
EML-2026-00616,1155,189,0.5231,1,0,0,0,1,0,1,1
EML-2026-00617,327,50,0.3916,2,0,0,0,0,0,0,0
EML-2026-00618,475,89,0.3056,0,0,0,0,0,0,0,0
EML-2026-00619,447,70,0.4387,2,1,0,1,1,1,0,1
EML-2026-00620,570,89,0.1163,2,0,0,1,0,1,0,1
EML-2026-00621,475,74,0.7566,0,0,1,1,0,0,0,0
EML-2026-00622,777,130,0.2453,2,0,1,0,0,0,0,0
EML-2026-00623,813,136,0.1373,1,0,0,0,0,0,0,0
EML-2026-00624,661,117,0.6556,2,0,0,1,0,1,0,0
EML-2026-00625,687,112,0.7578,3,0,0,2,1,0,1,1
EML-2026-00626,569,98,0.7918,0,0,0,0,0,0,0,0
EML-2026-00627,595,98,0.5195,0,0,0,0,0,0,0,0
EML-2026-00628,1235,218,0.2746,0,0,0,0,0,0,1,1
EML-2026-00629,860,141,0.7266,1,0,1,0,0,0,0,0
EML-2026-00630,577,92,0.6948,0,0,0,0,0,0,0,0
EML-2026-00631,682,130,0.3093,3,1,1,0,1,1,0,1
EML-2026-00632,834,133,0.8679,5,0,2,1,0,1,1,1
EML-2026-00633,454,78,0.1887,0,0,0,2,0,0,0,1
EML-2026-00634,747,119,0.9353,0,0,0,1,0,0,0,1
EML-2026-00635,842,149,0.8312,1,0,2,0,0,0,0,0
EML-2026-00636,800,143,0.6847,1,0,2,1,1,0,0,0
EML-2026-00637,529,83,0.8979,3,1,0,1,0,1,0,1
EML-2026-00638,513,95,0.714,0,0,0,0,0,0,0,0
EML-2026-00639,287,45,0.2619,2,0,0,1,0,0,0,0
EML-2026-00640,877,153,0.4758,0,0,2,0,0,0,0,0
EML-2026-00641,1388,240,0.1608,2,0,0,1,0,0,0,0
EML-2026-00642,453,82,0.4312,0,0,0,0,0,0,0,0
EML-2026-00643,996,169,0.7304,2,1,1,0,0,0,0,0
EML-2026-00644,1336,243,0.4285,1,0,0,0,0,0,0,0
EML-2026-00645,547,108,0.3808,1,0,0,0,0,0,0,0
EML-2026-00646,682,126,0.6061,5,0,0,2,0,1,1,1
EML-2026-00647,778,155,0.8414,3,0,1,1,1,0,1,1
EML-2026-00648,840,129,0.1404,1,0,0,1,1,1,0,1
EML-2026-00649,793,122,0.4276,2,0,0,1,1,0,0,1
EML-2026-00650,564,100,0.2345,2,0,0,1,0,0,0,0
EML-2026-00651,837,137,0.6911,1,0,0,0,0,0,0,0
EML-2026-00652,619,112,0.1899,1,1,0,2,1,0,1,1
EML-2026-00653,813,135,0.6651,3,0,0,3,1,1,0,1
EML-2026-00654,702,113,0.3433,1,1,0,1,1,0,1,1
EML-2026-00655,314,48,0.2691,2,0,1,0,0,0,0,0
EML-2026-00656,1054,188,0.8959,1,1,1,1,0,0,0,0
EML-2026-00657,519,84,0.1157,2,0,0,0,0,0,0,0
EML-2026-00658,1097,203,0.4721,1,0,0,0,0,0,0,0
EML-2026-00659,1030,158,0.1184,2,0,0,2,1,0,0,1
EML-2026-00660,769,152,0.5111,3,0,1,2,1,0,1,1
EML-2026-00661,806,136,0.5259,2,0,0,1,0,0,0,0
EML-2026-00662,894,149,0.3734,1,1,0,0,1,1,1,1
EML-2026-00663,660,109,0.2123,4,0,0,0,0,1,0,1
EML-2026-00664,621,119,0.4199,0,0,0,0,1,0,0,0
EML-2026-00665,828,129,0.6714,0,0,0,0,0,0,0,0
EML-2026-00666,655,124,0.765,0,1,0,0,0,1,0,0
EML-2026-00667,565,95,0.5511,0,0,0,0,0,0,0,0
EML-2026-00668,482,90,0.6014,0,0,1,0,0,0,0,0
EML-2026-00669,772,141,0.2705,2,0,0,0,0,0,0,0
EML-2026-00670,512,87,0.3442,0,0,0,1,0,0,1,0
EML-2026-00671,914,162,0.2376,0,0,0,0,0,0,0,0
EML-2026-00672,995,189,0.3119,2,1,0,2,0,1,0,1
EML-2026-00673,803,152,0.2912,0,0,0,1,0,0,0,0
EML-2026-00674,919,163,0.5415,2,0,0,2,1,0,0,1
EML-2026-00675,804,131,0.5783,1,0,0,0,0,0,0,0
EML-2026-00676,944,148,0.9032,3,0,0,1,1,0,0,1
EML-2026-00677,879,171,0.2662,1,0,0,0,0,0,0,0
EML-2026-00678,756,135,0.6454,1,0,0,0,0,0,0,0
EML-2026-00679,1035,200,0.7947,2,1,1,0,0,0,0,1
EML-2026-00680,668,132,0.5762,4,1,0,0,0,1,1,1
EML-2026-00681,538,89,0.3168,3,0,0,1,1,0,0,1
EML-2026-00682,478,80,0.3232,0,1,0,0,1,0,0,0
EML-2026-00683,583,111,0.1334,1,0,0,0,0,0,0,0
EML-2026-00684,348,65,0.3596,1,0,0,1,1,0,1,1
EML-2026-00685,767,152,0.7329,1,0,0,1,1,0,1,1
EML-2026-00686,898,143,0.1404,1,1,1,0,0,1,1,1
EML-2026-00687,989,153,0.2864,4,0,0,0,1,1,0,1
EML-2026-00688,338,64,0.7003,1,0,0,1,0,0,0,0
EML-2026-00689,534,99,0.7653,1,0,1,1,0,0,1,1
EML-2026-00690,903,143,0.487,1,0,1,0,0,0,0,0
EML-2026-00691,611,95,0.6934,1,0,0,0,0,0,1,0
EML-2026-00692,841,149,0.4298,0,0,0,0,0,0,0,0
EML-2026-00693,446,87,0.2359,2,0,0,4,1,1,1,1
EML-2026-00694,1091,215,0.4384,1,0,0,0,0,0,0,0
EML-2026-00695,384,65,0.593,2,0,0,1,0,0,0,0
EML-2026-00696,235,42,0.9058,3,0,0,1,1,0,0,1
EML-2026-00697,709,140,0.1584,2,0,1,0,0,0,0,0
EML-2026-00698,766,130,0.5313,1,0,0,2,1,0,1,1
EML-2026-00699,541,107,0.3796,1,0,0,0,0,0,0,0
EML-2026-00700,792,128,0.5321,0,1,0,1,0,0,0,0
EML-2026-00701,851,155,0.1204,3,1,1,1,1,1,0,1
EML-2026-00702,768,151,0.3661,0,0,0,1,0,0,0,0
EML-2026-00703,538,91,0.7969,0,0,0,0,0,0,0,0
EML-2026-00704,498,88,0.5709,1,0,0,0,0,0,0,0
EML-2026-00705,560,86,0.483,1,0,0,0,0,1,0,0
EML-2026-00706,522,89,0.3427,3,1,0,0,0,0,1,1
EML-2026-00707,1003,185,0.3533,1,0,0,1,0,0,0,0
EML-2026-00708,629,103,0.4256,2,1,0,1,1,0,0,1
EML-2026-00709,701,129,0.8102,2,0,0,0,0,0,0,0
EML-2026-00710,952,149,0.9221,1,0,0,4,0,0,0,1
EML-2026-00711,513,92,0.4729,2,1,0,0,0,0,0,1
EML-2026-00712,428,73,0.4343,5,0,0,2,0,0,1,1
EML-2026-00713,473,93,0.8196,0,0,0,0,0,0,0,0
EML-2026-00714,730,129,0.4629,1,0,0,0,0,0,0,0
EML-2026-00715,711,113,0.5692,1,0,0,1,0,0,0,0
EML-2026-00716,817,131,0.2963,3,0,2,0,1,1,0,1
EML-2026-00717,683,127,0.732,2,0,0,4,0,1,1,1
EML-2026-00718,285,53,0.5522,3,0,0,2,0,0,0,1
EML-2026-00719,625,100,0.7877,0,0,0,0,0,0,0,0
EML-2026-00720,999,156,0.7636,2,0,1,2,0,0,0,1
EML-2026-00721,1095,212,0.2828,2,0,1,2,1,0,0,1
EML-2026-00722,683,120,0.7083,0,0,0,1,0,1,0,0
EML-2026-00723,712,129,0.78,1,0,0,1,0,1,0,0
EML-2026-00724,885,140,0.3942,3,0,0,2,1,0,1,1
EML-2026-00725,1083,211,0.2467,1,0,0,0,0,0,1,1
EML-2026-00726,710,133,0.1022,2,0,1,2,0,0,0,1
EML-2026-00727,830,135,0.4833,1,0,0,0,0,0,0,0
EML-2026-00728,579,114,0.3996,2,0,0,1,1,1,0,1
EML-2026-00729,399,69,0.5717,1,0,1,0,0,0,0,0
EML-2026-00730,550,97,0.2598,1,0,1,2,0,0,0,0
EML-2026-00731,1127,204,0.8307,1,0,0,0,0,0,0,0
EML-2026-00732,887,158,0.3191,3,1,0,0,1,1,1,1
EML-2026-00733,463,79,0.2925,2,0,0,3,1,1,0,1
EML-2026-00734,902,172,0.5086,1,0,1,2,1,1,0,1
EML-2026-00735,425,72,0.524,0,0,1,0,0,0,0,0
EML-2026-00736,813,130,0.2828,5,0,0,0,1,1,1,1
EML-2026-00737,457,74,0.3311,3,0,0,0,1,0,0,0
EML-2026-00738,454,86,0.2442,1,1,1,3,0,1,1,1
EML-2026-00739,1202,230,0.7107,0,0,0,0,0,0,0,0
EML-2026-00740,579,107,0.7546,0,0,0,0,0,0,0,0
EML-2026-00741,831,149,0.493,3,0,1,0,0,0,0,0
EML-2026-00742,670,119,0.707,0,0,0,0,0,0,0,0
EML-2026-00743,488,81,0.7255,1,1,0,0,1,1,0,1
EML-2026-00744,652,128,0.2175,3,1,1,1,0,0,0,1
EML-2026-00745,439,86,0.9213,0,0,1,0,0,0,0,0
EML-2026-00746,1597,285,0.7979,0,0,0,1,0,0,0,1
EML-2026-00747,889,147,0.2738,0,0,0,1,0,0,0,0
EML-2026-00748,715,135,0.2582,4,0,0,3,0,1,0,1
EML-2026-00749,864,144,0.2068,0,2,0,3,0,1,1,1
EML-2026-00750,916,169,0.2176,3,0,0,0,1,0,1,1
EML-2026-00751,867,136,0.7359,1,1,1,0,0,0,0,0
EML-2026-00752,903,142,0.4992,3,0,0,0,1,0,0,1
EML-2026-00753,877,161,0.7655,0,0,0,1,1,0,1,1
EML-2026-00754,686,128,0.7343,0,0,0,0,0,0,0,0
EML-2026-00755,1165,207,0.6139,0,0,2,1,0,0,0,0
EML-2026-00756,753,140,0.6834,2,1,0,2,1,1,0,1
EML-2026-00757,723,120,0.1156,2,0,0,3,1,1,0,1
EML-2026-00758,756,121,0.365,1,1,0,1,1,0,0,1
EML-2026-00759,775,128,0.6421,2,1,0,1,0,1,0,1
EML-2026-00760,389,62,0.1079,1,0,0,3,1,0,0,1
EML-2026-00761,471,84,0.128,0,1,0,1,0,0,0,0
EML-2026-00762,633,120,0.8241,0,0,0,0,0,1,0,0
EML-2026-00763,332,54,0.6814,1,0,0,0,0,0,0,0
EML-2026-00764,715,129,0.3256,4,0,0,2,0,0,0,1
EML-2026-00765,721,120,0.6848,0,0,0,0,0,0,0,0
EML-2026-00766,442,81,0.7736,2,2,0,3,1,0,0,1
EML-2026-00767,564,110,0.3608,2,0,0,0,0,0,1,1
EML-2026-00768,1112,171,0.1306,3,0,0,1,0,1,0,1
EML-2026-00769,817,156,0.8929,0,0,0,0,0,0,0,0
EML-2026-00770,849,130,0.3934,5,0,0,0,0,0,0,1
EML-2026-00771,1010,156,0.1905,0,0,0,0,0,1,0,0
EML-2026-00772,525,84,0.5181,2,0,0,1,1,0,0,1
EML-2026-00773,393,65,0.7532,1,0,0,1,0,0,0,0
EML-2026-00774,956,162,0.2884,2,0,2,0,0,1,0,0
EML-2026-00775,690,109,0.3291,2,0,1,3,1,1,0,1
EML-2026-00776,470,86,0.3063,0,0,0,0,0,0,0,0
EML-2026-00777,1395,244,0.9429,0,0,0,0,0,0,0,0
EML-2026-00778,388,65,0.2678,1,0,0,2,1,1,1,1
EML-2026-00779,759,135,0.5892,2,1,0,1,1,0,0,1
EML-2026-00780,662,117,0.8865,2,1,0,1,1,1,0,1
EML-2026-00781,622,113,0.2249,1,1,0,1,0,1,1,1
EML-2026-00782,310,53,0.9252,2,1,0,2,1,0,1,1
EML-2026-00783,1158,184,0.9054,0,0,1,1,0,0,0,0
EML-2026-00784,366,69,0.8519,0,0,0,0,0,0,0,0
EML-2026-00785,593,92,0.2824,1,0,1,1,0,0,0,0
EML-2026-00786,605,100,0.6389,5,0,1,1,1,1,1,1
EML-2026-00787,876,140,0.7468,1,0,0,1,1,0,1,1
EML-2026-00788,339,58,0.9381,2,1,0,1,0,0,0,0
EML-2026-00789,788,127,0.2534,3,0,0,1,0,0,0,0
EML-2026-00790,760,151,0.7511,4,0,0,1,0,1,0,1
EML-2026-00791,505,81,0.388,2,0,0,2,0,0,0,0
EML-2026-00792,827,163,0.2493,1,1,0,1,1,0,0,1
EML-2026-00793,714,112,0.4582,1,0,0,0,0,0,0,1
EML-2026-00794,1320,203,0.7748,3,1,1,2,1,1,1,1
EML-2026-00795,611,112,0.4951,1,0,0,0,0,0,0,0
EML-2026-00796,496,93,0.5569,1,0,2,2,1,1,0,1
EML-2026-00797,841,136,0.9459,3,0,0,3,1,0,0,1
EML-2026-00798,632,117,0.4392,1,0,1,0,0,0,1,1
EML-2026-00799,709,112,0.6231,2,1,0,0,1,0,0,1
EML-2026-00800,444,86,0.4105,1,0,0,2,0,1,0,1
EML-2026-00801,881,169,0.4339,3,0,1,4,1,0,0,1
EML-2026-00802,546,84,0.6913,0,0,0,1,0,1,0,0
EML-2026-00803,781,129,0.8972,3,1,0,3,0,1,0,1
EML-2026-00804,1449,231,0.561,3,0,0,3,0,0,0,1
EML-2026-00805,598,108,0.7531,1,0,0,1,0,0,0,0
EML-2026-00806,925,153,0.1758,2,1,0,1,1,1,0,1
EML-2026-00807,664,112,0.2795,3,0,1,4,1,0,0,1
EML-2026-00808,557,94,0.5268,2,0,0,4,0,0,0,1
EML-2026-00809,1077,178,0.117,1,0,0,1,0,0,0,0
EML-2026-00810,302,51,0.3149,1,0,1,0,0,0,0,0
EML-2026-00811,1013,179,0.5398,3,2,0,2,1,1,1,1
EML-2026-00812,338,62,0.1127,2,0,0,3,1,0,0,1
EML-2026-00813,924,150,0.3249,1,0,1,0,0,0,0,0
EML-2026-00814,713,133,0.5369,2,0,0,1,1,0,0,1
EML-2026-00815,497,82,0.5872,3,1,0,1,0,1,0,1
EML-2026-00816,610,114,0.8869,1,0,0,1,1,0,0,1
EML-2026-00817,907,152,0.6485,3,0,0,2,1,0,0,1
EML-2026-00818,1344,219,0.4525,0,0,0,0,0,1,0,0
EML-2026-00819,344,64,0.8908,0,0,0,1,1,1,0,0
EML-2026-00820,457,89,0.7672,1,0,1,1,0,1,0,0
EML-2026-00821,431,82,0.27,1,0,0,2,1,1,0,1
EML-2026-00822,612,103,0.2112,0,0,0,0,0,0,0,0
EML-2026-00823,934,148,0.6744,1,0,2,0,0,0,0,0
EML-2026-00824,361,71,0.5759,1,0,0,0,0,0,1,0
EML-2026-00825,706,115,0.7712,2,0,1,0,0,0,0,1
EML-2026-00826,972,176,0.728,2,0,0,4,1,1,0,1
EML-2026-00827,557,97,0.6314,1,0,1,0,0,0,0,0
EML-2026-00828,219,34,0.9384,1,0,0,1,0,0,0,0
EML-2026-00829,763,138,0.5536,0,1,0,1,1,0,0,1
EML-2026-00830,1045,183,0.1961,0,0,0,0,0,1,0,0
EML-2026-00831,425,84,0.804,2,0,0,0,0,0,0,0
EML-2026-00832,313,61,0.3141,0,0,1,0,1,0,0,0
EML-2026-00833,747,138,0.7607,1,0,0,2,0,0,0,0
EML-2026-00834,755,149,0.9135,3,1,0,0,0,0,0,0
EML-2026-00835,542,91,0.6923,1,0,1,1,0,0,0,0
EML-2026-00836,502,89,0.6066,1,1,0,0,0,0,0,0
EML-2026-00837,718,123,0.4913,2,0,0,0,0,1,0,1
EML-2026-00838,422,80,0.4097,1,0,0,0,0,0,0,0
EML-2026-00839,473,86,0.4001,1,0,0,1,0,0,0,1
EML-2026-00840,905,150,0.6409,3,0,0,0,0,1,0,1
EML-2026-00841,411,63,0.7386,2,0,2,1,0,0,0,0
EML-2026-00842,371,73,0.6767,0,1,0,2,0,1,0,1
EML-2026-00843,502,79,0.2686,4,1,0,1,0,0,1,0
EML-2026-00844,598,101,0.5199,1,0,1,1,0,0,0,1
EML-2026-00845,788,134,0.7729,0,0,0,0,0,0,0,0
EML-2026-00846,518,90,0.5043,1,0,0,0,0,0,0,0
EML-2026-00847,1115,218,0.5561,1,0,0,0,0,0,0,0
EML-2026-00848,732,142,0.7555,2,1,0,0,1,0,0,1
EML-2026-00849,525,88,0.6621,4,0,0,2,1,1,1,1
EML-2026-00850,825,149,0.4479,2,0,0,5,0,0,0,1
EML-2026-00851,1107,173,0.8611,3,0,0,0,0,0,0,0
EML-2026-00852,896,159,0.2382,1,1,1,2,0,0,1,1
EML-2026-00853,353,67,0.9462,1,0,0,0,0,0,0,0
EML-2026-00854,616,101,0.201,3,0,1,4,0,0,0,1
EML-2026-00855,727,133,0.1127,0,0,0,0,0,0,0,0
EML-2026-00856,832,143,0.8565,1,0,0,0,0,0,0,0
EML-2026-00857,613,101,0.3082,0,0,0,0,0,1,0,0
EML-2026-00858,580,91,0.7202,0,0,1,0,0,0,0,0
EML-2026-00859,1316,212,0.7894,5,0,0,2,1,0,0,1
EML-2026-00860,850,141,0.8301,0,0,0,0,0,0,0,0
EML-2026-00861,826,137,0.9429,2,2,1,0,1,1,1,1
EML-2026-00862,527,82,0.3499,2,0,0,1,0,0,0,0
EML-2026-00863,470,86,0.7037,6,0,1,3,0,0,0,1
EML-2026-00864,781,156,0.1981,1,0,0,2,0,0,0,0
EML-2026-00865,887,164,0.4458,0,0,1,1,0,0,0,0
EML-2026-00866,708,132,0.8208,2,0,1,1,0,1,0,1
EML-2026-00867,851,142,0.4125,1,0,0,1,0,0,0,0
EML-2026-00868,860,144,0.6024,1,1,0,0,0,0,0,0
EML-2026-00869,960,162,0.5282,2,0,0,1,1,1,1,1
EML-2026-00870,401,79,0.6491,4,0,1,1,0,0,0,1
EML-2026-00871,572,93,0.927,1,0,0,0,1,0,0,0
EML-2026-00872,800,145,0.1474,1,0,0,0,0,0,0,0
EML-2026-00873,723,120,0.5879,0,0,0,1,1,1,1,1
EML-2026-00874,861,147,0.8336,0,0,0,0,0,1,0,0
EML-2026-00875,776,140,0.5092,0,0,0,0,0,0,1,0
EML-2026-00876,266,51,0.1667,2,0,0,0,0,0,0,0
EML-2026-00877,1045,203,0.5765,1,0,0,1,0,0,0,1
EML-2026-00878,594,95,0.3823,1,1,0,2,1,0,0,1
EML-2026-00879,464,72,0.2317,3,0,0,0,0,0,0,0
EML-2026-00880,982,164,0.8217,2,0,0,0,0,0,0,0
EML-2026-00881,835,161,0.5434,2,0,1,0,1,0,0,0
EML-2026-00882,1086,193,0.8933,1,0,1,1,1,1,0,1
EML-2026-00883,730,119,0.7851,1,0,0,0,0,0,0,0
EML-2026-00884,569,92,0.689,1,0,0,1,0,0,0,0
EML-2026-00885,747,144,0.1043,1,0,0,1,0,0,0,1
EML-2026-00886,433,86,0.4636,1,0,0,0,0,0,0,0
EML-2026-00887,427,70,0.2679,3,0,0,2,1,1,1,1
EML-2026-00888,512,92,0.8742,0,0,0,0,0,0,0,0
EML-2026-00889,1159,215,0.2484,0,0,0,0,1,0,0,0
EML-2026-00890,532,105,0.3432,1,0,1,0,0,1,0,0
EML-2026-00891,373,64,0.5393,1,1,0,1,1,1,0,1
EML-2026-00892,670,106,0.3239,2,0,0,4,1,1,0,1
EML-2026-00893,579,89,0.2784,0,0,0,1,1,1,1,1
EML-2026-00894,1002,171,0.6092,1,0,1,0,0,1,1,0
EML-2026-00895,1175,203,0.1756,0,0,0,1,0,0,1,1
EML-2026-00896,559,109,0.1494,4,0,0,0,0,1,0,0
EML-2026-00897,730,125,0.4164,0,0,0,0,0,0,0,0
EML-2026-00898,803,144,0.7126,4,0,0,1,1,1,0,1
EML-2026-00899,647,109,0.5716,3,0,0,0,0,0,0,0
EML-2026-00900,602,107,0.4594,0,0,0,0,0,0,0,0
EML-2026-00901,452,84,0.5809,0,0,0,1,0,0,0,0
EML-2026-00902,304,59,0.4106,1,0,0,0,0,0,0,0
EML-2026-00903,451,82,0.8957,0,0,0,0,0,0,1,0
EML-2026-00904,688,133,0.1467,1,1,1,1,0,1,0,1
EML-2026-00905,362,68,0.6724,1,0,0,1,0,0,0,0
EML-2026-00906,765,118,0.8576,4,0,1,0,0,0,0,1
EML-2026-00907,728,128,0.7833,0,0,0,1,0,0,0,1
EML-2026-00908,529,91,0.2564,0,0,0,0,0,0,0,0
EML-2026-00909,592,93,0.3515,2,0,0,0,0,0,0,0
EML-2026-00910,386,59,0.7095,1,1,0,0,0,0,0,0
EML-2026-00911,953,162,0.1716,3,0,1,3,1,0,0,1
EML-2026-00912,897,144,0.7901,0,0,2,0,0,0,0,0
EML-2026-00913,461,83,0.7111,2,0,0,1,1,0,0,1
EML-2026-00914,416,76,0.7202,0,0,0,0,0,0,0,0
EML-2026-00915,504,89,0.1852,2,0,0,2,1,0,0,1
EML-2026-00916,815,135,0.7101,0,0,0,0,0,1,0,0
EML-2026-00917,753,125,0.6778,2,0,0,0,0,0,0,0
EML-2026-00918,1027,187,0.8063,0,0,0,1,1,1,0,1
EML-2026-00919,1071,205,0.1354,3,0,1,3,0,0,0,1
EML-2026-00920,349,58,0.1196,0,0,0,0,0,0,0,0
EML-2026-00921,854,164,0.4171,1,0,1,4,0,0,1,1
EML-2026-00922,1004,171,0.2265,0,0,1,0,0,0,0,0
EML-2026-00923,627,103,0.5746,3,0,1,0,0,0,1,1
EML-2026-00924,703,116,0.8797,1,0,0,1,0,0,0,1
EML-2026-00925,616,100,0.4328,0,0,0,0,0,0,0,0
EML-2026-00926,626,99,0.8182,1,0,0,0,0,0,0,0
EML-2026-00927,902,156,0.1002,2,0,0,0,0,1,0,0
EML-2026-00928,1297,212,0.2432,5,0,0,0,0,0,1,1
EML-2026-00929,1149,193,0.1259,3,1,2,0,1,1,0,1
EML-2026-00930,539,102,0.3789,0,0,1,0,0,1,0,0
EML-2026-00931,731,145,0.872,1,0,1,0,0,0,0,0
EML-2026-00932,530,97,0.1824,2,1,1,0,0,0,0,1
EML-2026-00933,549,96,0.6154,2,0,0,1,0,1,0,1
EML-2026-00934,692,116,0.4838,3,1,0,2,1,0,0,1
EML-2026-00935,494,78,0.8977,1,0,0,0,0,0,0,0
EML-2026-00936,522,98,0.2041,1,0,0,1,0,0,0,0
EML-2026-00937,724,139,0.2802,0,0,1,0,0,0,0,0
EML-2026-00938,849,131,0.1251,1,0,0,3,1,0,1,1
EML-2026-00939,791,153,0.4688,1,1,0,2,0,0,0,0
EML-2026-00940,844,147,0.3362,3,1,0,3,1,1,0,1
EML-2026-00941,396,67,0.8394,0,0,0,1,0,0,1,0
EML-2026-00942,534,91,0.6142,2,1,0,2,0,1,0,1
EML-2026-00943,719,140,0.622,2,0,1,1,1,0,0,1
EML-2026-00944,1036,203,0.5521,2,0,0,1,0,0,1,1
EML-2026-00945,1523,295,0.1781,1,0,0,0,0,0,0,0
EML-2026-00946,742,126,0.4783,2,0,0,0,0,1,0,0
EML-2026-00947,868,149,0.9496,1,0,0,2,0,0,0,0
EML-2026-00948,429,80,0.8099,1,0,0,1,0,0,0,1
EML-2026-00949,909,152,0.8594,3,0,2,0,0,1,1,1
EML-2026-00950,1401,224,0.7997,1,0,0,0,1,0,0,1
EML-2026-00951,533,105,0.1876,5,0,0,2,1,1,1,1
EML-2026-00952,579,100,0.2933,5,1,0,0,1,1,0,1
EML-2026-00953,913,151,0.1027,1,0,0,0,0,0,0,0
EML-2026-00954,716,133,0.358,1,1,0,2,0,0,0,1
EML-2026-00955,295,54,0.1923,0,0,0,1,1,0,0,0
EML-2026-00956,541,91,0.5019,0,0,0,1,0,0,0,0
EML-2026-00957,1173,184,0.6756,1,1,1,3,1,1,1,1
EML-2026-00958,590,94,0.8433,0,0,0,0,0,0,0,0
EML-2026-00959,590,100,0.7368,1,0,0,1,0,0,0,0
EML-2026-00960,940,154,0.8978,4,0,0,0,0,1,1,1
EML-2026-00961,752,135,0.1458,1,0,0,0,0,0,0,0
EML-2026-00962,628,105,0.1104,1,0,1,4,1,1,0,1
EML-2026-00963,515,90,0.6621,1,0,1,0,0,0,0,0
EML-2026-00964,1825,345,0.3459,0,0,0,1,0,0,0,0
EML-2026-00965,1048,173,0.3155,0,0,1,0,0,0,0,0
EML-2026-00966,794,136,0.3813,2,0,1,0,0,0,0,0
EML-2026-00967,864,156,0.3293,3,0,1,4,0,1,1,1
EML-2026-00968,628,98,0.5347,1,0,0,1,1,0,0,0
EML-2026-00969,799,158,0.4741,1,0,0,2,1,0,0,1
EML-2026-00970,602,109,0.5356,0,0,0,2,0,0,0,0
EML-2026-00971,517,101,0.6718,2,0,1,1,1,0,1,1
EML-2026-00972,810,131,0.4291,3,0,0,1,1,1,1,1
EML-2026-00973,632,104,0.3136,3,0,0,3,0,1,0,1
EML-2026-00974,776,141,0.2413,1,0,0,2,0,0,0,0
EML-2026-00975,832,138,0.3971,1,0,0,0,0,0,0,0
EML-2026-00976,791,141,0.7305,0,1,0,0,0,0,0,0
EML-2026-00977,502,81,0.7432,3,1,1,0,1,0,0,1
EML-2026-00978,558,98,0.6669,1,0,0,0,0,0,0,0
EML-2026-00979,586,104,0.2989,1,0,1,0,0,1,0,0
EML-2026-00980,1002,156,0.5999,4,1,0,2,0,1,0,1
EML-2026-00981,933,173,0.5851,0,0,0,0,0,0,0,0
EML-2026-00982,545,105,0.5116,1,1,0,4,1,0,1,1
EML-2026-00983,393,66,0.5675,0,0,0,1,0,0,0,0
EML-2026-00984,1554,240,0.518,1,0,0,0,0,0,0,0
EML-2026-00985,829,148,0.5806,3,0,0,0,1,1,0,1
EML-2026-00986,373,73,0.7082,0,0,0,0,0,0,0,0
EML-2026-00987,575,104,0.1932,0,0,1,1,1,1,1,1
EML-2026-00988,968,168,0.7372,2,0,0,0,0,0,0,0
EML-2026-00989,1394,265,0.2155,0,0,0,0,0,0,0,0
EML-2026-00990,1348,225,0.1566,2,0,0,1,1,1,0,1
EML-2026-00991,817,125,0.9297,2,0,0,1,1,0,0,1
EML-2026-00992,710,125,0.9134,2,0,0,0,1,1,0,1
EML-2026-00993,436,78,0.1514,0,0,0,0,0,0,0,0
EML-2026-00994,732,130,0.4768,5,1,0,1,1,0,0,1
EML-2026-00995,458,88,0.2583,1,0,0,0,0,0,0,0
EML-2026-00996,560,88,0.5125,0,1,0,1,0,0,0,0
EML-2026-00997,963,171,0.8057,2,0,1,0,1,1,0,1
EML-2026-00998,601,107,0.908,0,1,0,0,0,0,0,0
EML-2026-00999,635,106,0.6391,4,1,0,3,1,0,1,1
EML-2026-01000,647,114,0.4008,0,0,1,1,0,1,0,0
