email_id,sender_reply_mismatch,spf_result,dkim_result,dmarc_result,received_hop_count,has_auth_results_header,label
EML-2026-00001,0,pass,pass,pass,3,0,0
EML-2026-00002,0,pass,none,fail,9,0,1
EML-2026-00003,0,pass,pass,fail,2,1,1
EML-2026-00004,0,none,none,pass,4,0,1
EML-2026-00005,0,pass,pass,pass,5,1,0
EML-2026-00006,0,pass,fail,pass,3,1,0
EML-2026-00007,0,pass,pass,fail,2,1,0
EML-2026-00008,0,softfail,pass,pass,4,0,1
EML-2026-00009,0,fail,fail,pass,7,1,1
EML-2026-00010,1,pass,fail,fail,6,0,1
EML-2026-00011,0,pass,pass,pass,2,1,0
EML-2026-00012,1,softfail,none,fail,1,1,1
EML-2026-00013,0,softfail,none,none,4,0,1
EML-2026-00014,0,fail,pass,pass,5,1,0
EML-2026-00015,0,softfail,pass,none,1,1,0
EML-2026-00016,0,pass,pass,pass,3,1,0
EML-2026-00017,0,pass,pass,pass,3,1,0
EML-2026-00018,0,pass,fail,fail,3,1,1
EML-2026-00019,0,pass,fail,pass,3,1,0
EML-2026-00020,0,pass,pass,pass,1,1,0
EML-2026-00021,0,softfail,pass,pass,4,1,1
EML-2026-00022,0,pass,pass,pass,0,1,0
EML-2026-00023,0,pass,pass,fail,4,1,0
EML-2026-00024,0,pass,pass,pass,2,1,0
EML-2026-00025,0,pass,pass,pass,1,1,0
EML-2026-00026,1,softfail,pass,fail,0,1,1
EML-2026-00027,0,pass,pass,pass,1,1,0
EML-2026-00028,0,fail,pass,none,2,1,1
EML-2026-00029,1,pass,fail,fail,5,0,1
EML-2026-00030,0,pass,pass,pass,2,1,0
EML-2026-00031,1,pass,pass,fail,0,1,1
EML-2026-00032,0,pass,pass,none,4,1,0
EML-2026-00033,0,pass,pass,fail,4,1,0
EML-2026-00034,0,fail,fail,fail,4,1,1
EML-2026-00035,0,pass,pass,fail,2,1,1
EML-2026-00036,0,fail,fail,fail,3,1,1
EML-2026-00037,0,pass,pass,pass,5,1,0
EML-2026-00038,0,pass,pass,pass,2,1,0
EML-2026-00039,1,fail,pass,fail,4,0,1
EML-2026-00040,0,pass,pass,pass,0,1,0
EML-2026-00041,0,pass,fail,pass,1,1,0
EML-2026-00042,0,pass,pass,pass,1,1,0
EML-2026-00043,0,pass,pass,pass,2,1,0
EML-2026-00044,1,none,none,fail,4,0,1
EML-2026-00045,0,pass,pass,pass,3,1,0
EML-2026-00046,1,fail,fail,pass,7,1,1
EML-2026-00047,0,pass,none,pass,2,1,0
EML-2026-00048,1,pass,none,none,4,1,1
EML-2026-00049,1,softfail,fail,fail,5,1,1
EML-2026-00050,0,pass,pass,pass,2,1,0
EML-2026-00051,1,fail,pass,none,6,1,1
EML-2026-00052,1,fail,none,pass,3,1,1
EML-2026-00053,0,pass,none,none,2,1,1
EML-2026-00054,0,fail,fail,pass,7,1,1
EML-2026-00055,1,softfail,fail,pass,4,0,1
EML-2026-00056,1,fail,fail,fail,2,1,1
EML-2026-00057,0,pass,pass,pass,6,1,0
EML-2026-00058,0,pass,pass,pass,1,1,0
EML-2026-00059,0,pass,pass,pass,3,1,0
EML-2026-00060,0,pass,pass,pass,1,1,0
EML-2026-00061,0,pass,pass,pass,2,1,0
EML-2026-00062,0,pass,pass,pass,1,1,0
EML-2026-00063,1,softfail,fail,pass,3,0,1
EML-2026-00064,1,fail,pass,pass,1,1,0
EML-2026-00065,0,pass,pass,pass,2,1,0
EML-2026-00066,0,none,fail,pass,4,1,1
EML-2026-00067,0,pass,fail,pass,2,1,0
EML-2026-00068,0,softfail,pass,fail,2,1,1
EML-2026-00069,0,pass,pass,pass,4,1,0
EML-2026-00070,0,fail,pass,fail,10,0,1
EML-2026-00071,0,softfail,none,pass,5,1,1
EML-2026-00072,0,pass,pass,pass,0,1,0
EML-2026-00073,0,pass,pass,pass,2,1,0
EML-2026-00074,0,fail,fail,fail,6,1,1
EML-2026-00075,0,softfail,fail,pass,4,1,1
EML-2026-00076,1,softfail,none,fail,4,1,1
EML-2026-00077,0,fail,none,pass,6,1,1
EML-2026-00078,0,pass,pass,pass,2,1,0
EML-2026-00079,0,pass,pass,pass,1,1,0
EML-2026-00080,0,none,pass,pass,4,1,0
EML-2026-00081,1,fail,pass,none,3,1,1
EML-2026-00082,1,softfail,none,fail,7,1,1
EML-2026-00083,0,pass,none,pass,3,1,0
EML-2026-00084,0,pass,pass,pass,1,1,0
EML-2026-00085,0,pass,pass,fail,1,1,0
EML-2026-00086,0,softfail,pass,pass,1,0,0
EML-2026-00087,0,fail,pass,fail,3,1,1
EML-2026-00088,1,none,fail,fail,4,1,1
EML-2026-00089,1,pass,pass,fail,4,1,1
EML-2026-00090,0,pass,pass,pass,4,1,0
EML-2026-00091,0,pass,pass,pass,4,1,0
EML-2026-00092,1,softfail,fail,fail,11,0,1
EML-2026-00093,0,none,pass,none,7,1,1
EML-2026-00094,0,pass,none,fail,5,1,1
EML-2026-00095,1,pass,fail,fail,4,0,1
EML-2026-00096,0,pass,pass,pass,1,0,0
EML-2026-00097,0,pass,fail,fail,6,0,1
EML-2026-00098,0,none,pass,fail,2,1,0
EML-2026-00099,0,pass,pass,pass,1,1,0
EML-2026-00100,0,pass,pass,pass,1,1,0
EML-2026-00101,0,pass,pass,none,7,1,0
EML-2026-00102,0,fail,none,fail,7,1,1
EML-2026-00103,0,pass,pass,pass,3,1,0
EML-2026-00104,0,pass,none,fail,1,1,1
EML-2026-00105,0,fail,fail,none,6,1,1
EML-2026-00106,1,pass,pass,pass,0,1,0
EML-2026-00107,0,none,pass,pass,4,1,0
EML-2026-00108,1,pass,pass,pass,3,1,1
EML-2026-00109,0,pass,none,fail,0,1,0
EML-2026-00110,0,none,pass,pass,4,1,0
EML-2026-00111,0,pass,pass,fail,4,1,0
EML-2026-00112,0,none,pass,pass,0,1,0
EML-2026-00113,1,none,fail,pass,8,1,1
EML-2026-00114,0,fail,pass,fail,7,0,1
EML-2026-00115,1,fail,pass,fail,6,1,1
EML-2026-00116,0,pass,fail,fail,3,1,1
EML-2026-00117,1,fail,pass,none,3,1,1
EML-2026-00118,0,pass,pass,pass,2,1,0
EML-2026-00119,1,fail,pass,none,6,0,1
EML-2026-00120,0,softfail,none,fail,2,1,1
EML-2026-00121,1,softfail,none,fail,4,1,1
EML-2026-00122,0,pass,fail,none,5,1,1
EML-2026-00123,0,pass,pass,pass,4,1,0
EML-2026-00124,0,pass,pass,pass,1,1,0
EML-2026-00125,0,pass,pass,pass,3,1,0
EML-2026-00126,0,pass,pass,pass,2,1,0
EML-2026-00127,1,fail,none,fail,4,1,1
EML-2026-00128,1,softfail,fail,none,1,1,1
EML-2026-00129,0,pass,pass,none,1,1,0
EML-2026-00130,0,fail,pass,fail,7,1,1
EML-2026-00131,0,pass,pass,pass,1,1,0
EML-2026-00132,0,pass,none,pass,2,1,0
EML-2026-00133,0,pass,pass,pass,1,1,0
EML-2026-00134,0,pass,pass,pass,1,1,0
EML-2026-00135,0,softfail,fail,none,3,1,1
EML-2026-00136,0,pass,pass,pass,3,1,0
EML-2026-00137,1,softfail,fail,pass,7,1,1
EML-2026-00138,1,fail,pass,none,6,0,1
EML-2026-00139,0,pass,pass,pass,3,1,0
EML-2026-00140,0,none,fail,none,0,1,1
EML-2026-00141,0,pass,none,pass,11,1,1
EML-2026-00142,0,pass,pass,pass,4,1,0
EML-2026-00143,0,pass,pass,none,4,1,0
EML-2026-00144,0,pass,pass,pass,4,0,0
EML-2026-00145,0,pass,pass,pass,1,1,0
EML-2026-00146,0,pass,pass,pass,3,1,0
EML-2026-00147,1,softfail,pass,fail,3,0,1
EML-2026-00148,0,softfail,fail,pass,4,0,1
EML-2026-00149,0,pass,pass,pass,3,1,0
EML-2026-00150,0,pass,pass,fail,5,1,0
EML-2026-00151,1,none,none,fail,3,0,1
EML-2026-00152,0,pass,pass,pass,1,1,0
EML-2026-00153,0,pass,pass,pass,3,1,0
EML-2026-00154,0,pass,pass,pass,1,1,0
EML-2026-00155,0,pass,fail,none,7,1,1
EML-2026-00156,0,pass,pass,fail,1,1,0
EML-2026-00157,0,pass,pass,none,4,0,1
EML-2026-00158,0,pass,none,fail,7,0,1
EML-2026-00159,0,pass,pass,pass,0,1,0
EML-2026-00160,0,pass,fail,pass,6,1,1
EML-2026-00161,0,pass,none,pass,0,1,0
EML-2026-00162,0,pass,fail,fail,8,1,1
EML-2026-00163,1,pass,none,none,1,1,1
EML-2026-00164,1,pass,fail,none,4,0,1
EML-2026-00165,0,pass,pass,none,4,1,0
EML-2026-00166,1,none,fail,none,3,0,1
EML-2026-00167,0,pass,pass,fail,4,1,0
EML-2026-00168,0,pass,pass,pass,4,1,0
EML-2026-00169,0,pass,pass,pass,1,1,0
EML-2026-00170,0,pass,pass,fail,4,0,1
EML-2026-00171,0,pass,fail,fail,5,1,1
EML-2026-00172,0,pass,pass,pass,3,0,0
EML-2026-00173,0,pass,none,fail,7,1,1
EML-2026-00174,0,pass,pass,pass,0,1,0
EML-2026-00175,0,pass,fail,fail,4,1,1
EML-2026-00176,0,pass,pass,pass,4,1,0
EML-2026-00177,0,none,none,none,5,1,1
EML-2026-00178,0,pass,pass,pass,5,1,0
EML-2026-00179,0,softfail,fail,fail,5,1,1
EML-2026-00180,0,pass,pass,pass,0,1,0
EML-2026-00181,0,pass,pass,pass,0,1,0
EML-2026-00182,0,pass,pass,pass,2,1,0
EML-2026-00183,0,none,none,pass,6,1,1
EML-2026-00184,0,pass,pass,none,5,1,1
EML-2026-00185,0,pass,pass,pass,2,1,0
EML-2026-00186,0,fail,none,pass,1,1,1
EML-2026-00187,0,fail,pass,fail,2,0,1
EML-2026-00188,1,softfail,none,fail,5,0,1
EML-2026-00189,0,none,none,fail,3,1,1
EML-2026-00190,0,pass,pass,pass,0,1,0
EML-2026-00191,0,pass,pass,none,4,1,0
EML-2026-00192,1,fail,pass,fail,6,1,1
EML-2026-00193,0,softfail,pass,pass,7,1,1
EML-2026-00194,0,fail,none,pass,4,1,1
EML-2026-00195,0,pass,pass,pass,3,1,0
EML-2026-00196,0,pass,pass,pass,3,1,0
EML-2026-00197,1,pass,fail,pass,5,1,1
EML-2026-00198,1,softfail,pass,fail,5,1,1
EML-2026-00199,1,fail,fail,fail,6,1,1
EML-2026-00200,0,fail,fail,pass,3,1,1
EML-2026-00201,0,softfail,none,fail,3,1,1
EML-2026-00202,0,pass,pass,pass,2,1,0
EML-2026-00203,0,pass,pass,pass,2,1,0
EML-2026-00204,1,fail,fail,fail,7,0,1
EML-2026-00205,1,pass,fail,pass,5,1,1
EML-2026-00206,0,pass,pass,pass,2,1,0
EML-2026-00207,0,none,fail,pass,4,1,0
EML-2026-00208,0,softfail,fail,pass,8,1,1
EML-2026-00209,0,fail,pass,pass,2,1,0
EML-2026-00210,0,softfail,pass,pass,4,1,0
EML-2026-00211,1,fail,pass,none,4,1,1
EML-2026-00212,0,pass,fail,fail,7,1,1
EML-2026-00213,1,pass,pass,none,1,1,1
EML-2026-00214,0,pass,pass,fail,0,1,0
EML-2026-00215,0,fail,fail,none,3,1,1
EML-2026-00216,0,pass,pass,pass,3,1,0
EML-2026-00217,0,pass,pass,pass,6,1,0
EML-2026-00218,0,fail,fail,fail,7,1,1
EML-2026-00219,0,fail,fail,pass,3,0,1
EML-2026-00220,1,softfail,pass,fail,3,1,1
EML-2026-00221,0,fail,pass,none,8,1,1
EML-2026-00222,1,none,fail,fail,2,1,1
EML-2026-00223,0,pass,pass,pass,1,1,0
EML-2026-00224,0,pass,pass,pass,2,1,0
EML-2026-00225,1,softfail,pass,pass,3,1,0
EML-2026-00226,0,fail,pass,pass,1,1,0
EML-2026-00227,0,pass,pass,fail,1,0,1
EML-2026-00228,0,pass,none,pass,4,1,0
EML-2026-00229,0,fail,none,fail,3,1,1
EML-2026-00230,0,fail,fail,none,3,0,1
EML-2026-00231,0,fail,fail,none,6,0,1
EML-2026-00232,0,none,none,pass,7,0,1
EML-2026-00233,1,pass,fail,none,6,1,1
EML-2026-00234,0,pass,pass,pass,1,1,0
EML-2026-00235,1,pass,none,pass,4,1,0
EML-2026-00236,1,softfail,fail,fail,5,0,1
EML-2026-00237,0,softfail,pass,pass,1,1,0
EML-2026-00238,0,pass,pass,pass,5,1,0
EML-2026-00239,1,pass,fail,fail,4,1,1
EML-2026-00240,0,pass,pass,pass,4,1,0
EML-2026-00241,1,fail,pass,fail,5,1,1
EML-2026-00242,1,fail,fail,fail,2,1,1
EML-2026-00243,0,softfail,pass,fail,6,1,1
EML-2026-00244,0,none,pass,pass,4,0,0
EML-2026-00245,0,pass,pass,fail,1,1,0
EML-2026-00246,1,fail,none,fail,3,1,1
EML-2026-00247,0,pass,pass,pass,1,1,0
EML-2026-00248,0,fail,fail,fail,4,1,1
EML-2026-00249,1,fail,pass,fail,4,1,1
EML-2026-00250,0,fail,none,fail,1,0,1
EML-2026-00251,0,pass,pass,pass,1,1,0
EML-2026-00252,0,pass,pass,pass,5,1,0
EML-2026-00253,0,pass,pass,fail,4,1,1
EML-2026-00254,0,pass,pass,pass,1,1,0
EML-2026-00255,0,pass,pass,pass,0,1,0
EML-2026-00256,0,fail,fail,none,3,1,1
EML-2026-00257,0,fail,none,fail,4,0,1
EML-2026-00258,0,fail,none,fail,2,1,1
EML-2026-00259,0,softfail,none,fail,4,1,1
EML-2026-00260,0,pass,pass,none,2,1,0
EML-2026-00261,0,none,none,fail,4,1,1
EML-2026-00262,1,fail,none,pass,4,1,1
EML-2026-00263,0,pass,pass,pass,6,1,0
EML-2026-00264,0,pass,fail,fail,5,1,1
EML-2026-00265,0,fail,pass,none,5,0,1
EML-2026-00266,1,softfail,pass,pass,5,1,1
EML-2026-00267,0,none,pass,pass,3,1,1
EML-2026-00268,1,none,pass,none,3,1,1
EML-2026-00269,0,pass,pass,fail,4,1,0
EML-2026-00270,0,pass,pass,pass,3,1,0
EML-2026-00271,0,fail,pass,fail,2,1,1
EML-2026-00272,0,fail,fail,fail,5,0,1
EML-2026-00273,0,pass,none,fail,7,0,1
EML-2026-00274,0,softfail,none,none,2,0,1
EML-2026-00275,0,none,fail,pass,7,1,1
EML-2026-00276,1,fail,fail,pass,3,0,1
EML-2026-00277,0,pass,pass,pass,3,1,1
EML-2026-00278,0,pass,pass,fail,3,1,1
EML-2026-00279,1,fail,pass,pass,7,1,1
EML-2026-00280,0,fail,fail,pass,3,1,1
EML-2026-00281,0,none,none,fail,3,0,1
EML-2026-00282,0,pass,pass,pass,2,1,0
EML-2026-00283,0,pass,pass,fail,5,1,0
EML-2026-00284,1,pass,pass,pass,3,1,0
EML-2026-00285,0,pass,fail,fail,3,0,1
EML-2026-00286,0,softfail,pass,pass,1,1,0
EML-2026-00287,0,pass,pass,pass,2,1,0
EML-2026-00288,0,none,pass,fail,7,1,1
EML-2026-00289,0,pass,pass,pass,1,1,0
EML-2026-00290,1,softfail,pass,fail,2,0,1
EML-2026-00291,0,pass,pass,pass,4,1,0
EML-2026-00292,0,pass,pass,pass,1,1,0
EML-2026-00293,0,softfail,fail,fail,4,1,1
EML-2026-00294,0,pass,pass,fail,2,1,0
EML-2026-00295,0,pass,pass,pass,3,0,0
EML-2026-00296,0,pass,fail,none,1,1,1
EML-2026-00297,0,none,fail,none,5,1,1
EML-2026-00298,0,none,pass,pass,5,1,0
EML-2026-00299,0,pass,fail,fail,3,1,1
EML-2026-00300,0,softfail,pass,pass,5,1,0
EML-2026-00301,0,pass,pass,pass,1,1,0
EML-2026-00302,0,fail,fail,fail,4,0,1
EML-2026-00303,0,fail,none,fail,6,1,1
EML-2026-00304,1,none,fail,fail,6,1,1
EML-2026-00305,0,pass,pass,pass,4,1,1
EML-2026-00306,1,fail,fail,pass,5,1,1
EML-2026-00307,0,fail,pass,fail,4,1,1
EML-2026-00308,0,pass,pass,pass,5,1,0
EML-2026-00309,0,fail,fail,fail,2,1,1
EML-2026-00310,0,pass,pass,pass,3,1,0
EML-2026-00311,0,pass,pass,pass,3,1,0
EML-2026-00312,0,none,pass,pass,6,1,0
EML-2026-00313,0,pass,pass,pass,2,0,0
EML-2026-00314,1,softfail,pass,fail,4,1,1
EML-2026-00315,1,fail,fail,fail,3,1,1
EML-2026-00316,1,fail,none,none,4,1,1
EML-2026-00317,0,pass,pass,fail,3,1,0
EML-2026-00318,0,pass,none,pass,2,1,0
EML-2026-00319,0,softfail,pass,pass,5,1,0
EML-2026-00320,0,pass,pass,pass,1,1,0
EML-2026-00321,0,none,fail,fail,6,1,1
EML-2026-00322,1,pass,fail,fail,3,0,1
EML-2026-00323,1,softfail,pass,pass,5,1,1
EML-2026-00324,0,pass,pass,pass,3,1,0
EML-2026-00325,1,pass,fail,fail,4,0,1
EML-2026-00326,1,softfail,fail,fail,8,1,1
EML-2026-00327,0,pass,fail,fail,6,1,1
EML-2026-00328,0,softfail,fail,pass,3,1,1
EML-2026-00329,0,pass,pass,pass,3,1,0
EML-2026-00330,0,pass,pass,pass,4,1,0
EML-2026-00331,0,softfail,pass,pass,2,1,0
EML-2026-00332,0,fail,fail,pass,4,1,1
EML-2026-00333,0,pass,none,pass,1,1,0
EML-2026-00334,1,pass,pass,pass,2,1,0
EML-2026-00335,0,pass,pass,pass,1,1,0
EML-2026-00336,0,pass,pass,pass,4,1,0
EML-2026-00337,1,pass,pass,pass,8,0,1
EML-2026-00338,0,fail,fail,fail,8,1,1
EML-2026-00339,0,pass,pass,pass,5,1,0
EML-2026-00340,0,pass,pass,pass,1,1,0
EML-2026-00341,0,pass,pass,pass,0,1,0
EML-2026-00342,0,pass,pass,pass,0,1,0
EML-2026-00343,0,pass,none,pass,5,1,0
EML-2026-00344,0,pass,pass,pass,2,1,0
EML-2026-00345,0,pass,pass,pass,0,1,0
EML-2026-00346,0,pass,fail,fail,2,1,1
EML-2026-00347,1,pass,pass,fail,3,1,1
EML-2026-00348,0,pass,pass,pass,1,1,0
EML-2026-00349,0,none,pass,pass,7,1,0
EML-2026-00350,1,softfail,pass,pass,4,1,1
EML-2026-00351,0,pass,none,fail,3,0,1
EML-2026-00352,1,pass,none,fail,4,1,1
EML-2026-00353,1,softfail,fail,fail,2,0,1
EML-2026-00354,0,pass,pass,pass,4,1,0
EML-2026-00355,0,pass,pass,pass,2,1,0
EML-2026-00356,1,none,fail,pass,7,0,1
EML-2026-00357,0,pass,pass,none,2,1,0
EML-2026-00358,1,pass,none,fail,4,1,1
EML-2026-00359,0,softfail,pass,fail,4,1,1
EML-2026-00360,0,none,pass,fail,5,1,1
EML-2026-00361,0,pass,pass,pass,1,1,0
EML-2026-00362,0,fail,pass,pass,8,1,1
EML-2026-00363,0,pass,pass,pass,2,1,0
EML-2026-00364,0,fail,fail,pass,7,1,1
EML-2026-00365,1,softfail,none,fail,4,1,1
EML-2026-00366,0,softfail,pass,pass,0,1,0
EML-2026-00367,1,fail,fail,fail,1,1,1
EML-2026-00368,0,softfail,pass,fail,4,1,1
EML-2026-00369,0,pass,pass,pass,3,1,0
EML-2026-00370,0,pass,pass,pass,4,1,0
EML-2026-00371,0,pass,pass,pass,3,1,0
EML-2026-00372,0,pass,pass,pass,1,1,0
EML-2026-00373,1,pass,pass,pass,1,1,0
EML-2026-00374,1,pass,fail,none,3,1,1
EML-2026-00375,0,pass,pass,pass,3,1,0
EML-2026-00376,0,pass,pass,pass,2,1,0
EML-2026-00377,0,fail,fail,fail,0,0,1
EML-2026-00378,0,pass,pass,fail,6,1,0
EML-2026-00379,1,fail,fail,fail,3,0,1
EML-2026-00380,0,none,pass,pass,3,1,0
EML-2026-00381,0,pass,pass,none,5,1,0
EML-2026-00382,1,pass,fail,none,2,1,1
EML-2026-00383,1,pass,fail,pass,9,1,1
EML-2026-00384,0,fail,fail,none,4,1,1
EML-2026-00385,1,pass,none,fail,4,0,1
EML-2026-00386,1,softfail,pass,fail,7,1,1
EML-2026-00387,0,pass,pass,pass,0,1,0
EML-2026-00388,0,pass,pass,pass,8,1,0
EML-2026-00389,1,fail,fail,fail,4,0,1
EML-2026-00390,1,pass,none,pass,2,1,1
EML-2026-00391,0,none,none,none,3,0,1
EML-2026-00392,0,pass,pass,pass,1,1,0
EML-2026-00393,0,pass,pass,pass,4,1,0
EML-2026-00394,1,fail,fail,fail,4,0,1
EML-2026-00395,0,pass,pass,pass,2,1,0
EML-2026-00396,0,fail,pass,pass,6,1,1
EML-2026-00397,0,fail,pass,none,2,0,1
EML-2026-00398,0,pass,pass,pass,3,1,0
EML-2026-00399,0,fail,pass,fail,3,1,1
EML-2026-00400,1,pass,pass,fail,4,1,1
EML-2026-00401,0,pass,pass,pass,3,1,0
EML-2026-00402,1,fail,pass,fail,7,1,1
EML-2026-00403,0,fail,pass,fail,10,1,1
EML-2026-00404,1,fail,fail,fail,6,0,1
EML-2026-00405,0,fail,pass,fail,1,1,0
EML-2026-00406,0,pass,fail,fail,6,1,1
EML-2026-00407,0,pass,pass,pass,0,1,0
EML-2026-00408,0,pass,pass,none,4,1,0
EML-2026-00409,1,fail,fail,fail,6,0,1
EML-2026-00410,0,pass,pass,pass,0,1,0
EML-2026-00411,0,pass,pass,none,1,1,0
EML-2026-00412,1,pass,none,fail,7,1,1
EML-2026-00413,1,fail,fail,pass,6,1,1
EML-2026-00414,1,softfail,fail,pass,6,1,1
EML-2026-00415,1,none,pass,fail,6,0,1
EML-2026-00416,0,softfail,pass,pass,1,1,0
EML-2026-00417,0,pass,pass,pass,1,1,0
EML-2026-00418,0,fail,pass,pass,3,1,0
EML-2026-00419,1,pass,none,fail,5,1,1
EML-2026-00420,1,pass,fail,fail,5,1,1
EML-2026-00421,0,pass,pass,pass,4,1,1
EML-2026-00422,1,softfail,fail,pass,8,0,1
EML-2026-00423,0,softfail,pass,pass,2,1,0
EML-2026-00424,0,pass,pass,pass,5,1,0
EML-2026-00425,0,pass,pass,pass,0,1,0
EML-2026-00426,1,softfail,pass,fail,4,1,1
EML-2026-00427,0,softfail,fail,pass,3,1,0
EML-2026-00428,0,fail,pass,fail,6,0,1
EML-2026-00429,0,none,none,none,5,1,0
EML-2026-00430,0,pass,pass,pass,2,1,0
EML-2026-00431,0,pass,pass,pass,2,1,0
EML-2026-00432,0,fail,pass,fail,8,1,1
EML-2026-00433,0,fail,pass,fail,2,1,1
EML-2026-00434,0,pass,pass,pass,4,1,0
EML-2026-00435,0,pass,pass,pass,3,1,0
EML-2026-00436,0,softfail,fail,none,3,1,1
EML-2026-00437,0,pass,pass,pass,6,1,0
EML-2026-00438,1,fail,fail,fail,1,1,1
EML-2026-00439,1,fail,fail,none,5,1,1
EML-2026-00440,0,pass,pass,pass,4,1,0
EML-2026-00441,0,pass,pass,pass,3,1,0
EML-2026-00442,0,fail,fail,none,5,1,1
EML-2026-00443,0,pass,pass,pass,2,1,0
EML-2026-00444,0,pass,pass,pass,2,1,0
EML-2026-00445,0,softfail,fail,none,7,1,1
EML-2026-00446,1,pass,fail,fail,3,1,1
EML-2026-00447,1,none,pass,none,7,1,1
EML-2026-00448,0,fail,pass,pass,5,0,1
EML-2026-00449,0,none,pass,pass,0,1,0
EML-2026-00450,0,pass,pass,pass,3,1,0
EML-2026-00451,1,fail,pass,fail,1,1,1
EML-2026-00452,0,fail,none,pass,2,1,1
EML-2026-00453,0,pass,pass,pass,0,1,0
EML-2026-00454,1,fail,fail,pass,8,1,1
EML-2026-00455,0,pass,pass,pass,1,1,0
EML-2026-00456,0,pass,fail,pass,8,1,0
EML-2026-00457,0,pass,pass,pass,2,1,0
EML-2026-00458,0,pass,pass,pass,5,0,0
EML-2026-00459,0,pass,none,pass,4,1,0
EML-2026-00460,0,pass,pass,none,3,1,0
EML-2026-00461,0,pass,none,pass,2,1,0
EML-2026-00462,0,fail,fail,fail,5,1,1
EML-2026-00463,0,pass,pass,none,5,1,1
EML-2026-00464,0,fail,pass,fail,2,1,1
EML-2026-00465,1,softfail,pass,fail,4,0,1
EML-2026-00466,0,pass,pass,pass,3,1,0
EML-2026-00467,0,pass,pass,none,3,0,0
EML-2026-00468,0,pass,pass,pass,1,0,1
EML-2026-00469,0,pass,pass,none,3,1,0
EML-2026-00470,1,pass,fail,none,4,1,1
EML-2026-00471,0,pass,pass,pass,4,1,0
EML-2026-00472,1,fail,none,fail,6,1,1
EML-2026-00473,0,softfail,pass,pass,2,1,0
EML-2026-00474,1,pass,fail,pass,3,1,1
EML-2026-00475,0,fail,fail,pass,9,0,1
EML-2026-00476,0,fail,pass,none,2,1,1
EML-2026-00477,0,pass,pass,pass,2,1,0
EML-2026-00478,1,softfail,fail,fail,7,1,1
EML-2026-00479,1,pass,fail,fail,5,0,1
EML-2026-00480,0,pass,fail,fail,3,1,1
EML-2026-00481,0,fail,fail,pass,1,1,1
EML-2026-00482,0,fail,fail,fail,1,1,1
EML-2026-00483,0,pass,pass,pass,2,1,0
EML-2026-00484,0,pass,fail,pass,6,1,1
EML-2026-00485,1,fail,none,none,6,0,1
EML-2026-00486,0,fail,none,pass,2,1,1
EML-2026-00487,0,pass,pass,pass,1,1,0
EML-2026-00488,0,pass,pass,pass,3,1,0
EML-2026-00489,0,fail,none,fail,3,1,1
EML-2026-00490,0,fail,fail,fail,5,1,1
EML-2026-00491,0,none,pass,pass,1,1,0
EML-2026-00492,0,pass,pass,none,0,0,1
EML-2026-00493,0,softfail,none,pass,1,1,0
EML-2026-00494,0,pass,pass,pass,3,0,0
EML-2026-00495,0,pass,pass,pass,3,1,0
EML-2026-00496,0,pass,pass,none,3,1,0
EML-2026-00497,0,fail,fail,fail,2,0,1
EML-2026-00498,0,pass,pass,pass,3,1,0
EML-2026-00499,0,softfail,fail,pass,3,0,1
EML-2026-00500,1,pass,pass,none,2,0,1
EML-2026-00501,0,pass,fail,none,7,1,1
EML-2026-00502,0,fail,pass,fail,8,0,1
EML-2026-00503,0,fail,pass,pass,0,1,0
EML-2026-00504,1,fail,pass,fail,2,1,1
EML-2026-00505,1,fail,pass,none,5,1,1
EML-2026-00506,0,pass,pass,none,2,1,0
EML-2026-00507,0,softfail,pass,none,3,1,1
EML-2026-00508,1,fail,pass,none,3,1,1
EML-2026-00509,1,fail,none,none,3,1,1
EML-2026-00510,0,none,fail,pass,2,1,1
EML-2026-00511,0,fail,fail,none,4,1,1
EML-2026-00512,0,pass,pass,pass,3,1,0
EML-2026-00513,0,fail,fail,none,3,1,1
EML-2026-00514,0,fail,none,fail,4,1,1
EML-2026-00515,0,pass,pass,pass,3,1,0
EML-2026-00516,0,pass,pass,pass,5,1,0
EML-2026-00517,0,pass,none,pass,7,1,0
EML-2026-00518,1,fail,fail,pass,3,0,1
EML-2026-00519,1,fail,pass,fail,3,1,1
EML-2026-00520,0,pass,pass,pass,4,1,0
EML-2026-00521,0,fail,pass,fail,0,0,1
EML-2026-00522,0,pass,none,pass,3,1,0
EML-2026-00523,0,fail,pass,pass,0,1,1
EML-2026-00524,1,pass,none,none,5,1,1
EML-2026-00525,1,softfail,none,fail,2,1,1
EML-2026-00526,0,pass,pass,pass,1,1,0
EML-2026-00527,0,pass,pass,pass,1,1,0
EML-2026-00528,0,pass,pass,pass,2,1,0
EML-2026-00529,0,pass,pass,pass,2,1,0
EML-2026-00530,1,fail,fail,fail,5,1,1
EML-2026-00531,0,softfail,fail,fail,6,1,1
EML-2026-00532,1,fail,fail,fail,1,1,1
EML-2026-00533,0,fail,none,fail,3,1,1
EML-2026-00534,1,fail,fail,fail,7,1,1
EML-2026-00535,0,pass,fail,pass,4,1,1
EML-2026-00536,0,pass,none,none,4,0,1
EML-2026-00537,1,fail,pass,pass,5,0,1
EML-2026-00538,0,pass,pass,pass,2,1,0
EML-2026-00539,0,softfail,pass,pass,8,1,0
EML-2026-00540,0,pass,pass,pass,2,1,0
EML-2026-00541,0,softfail,fail,fail,3,1,1
EML-2026-00542,0,none,pass,pass,7,1,1
EML-2026-00543,0,pass,pass,pass,2,1,0
EML-2026-00544,1,softfail,none,pass,2,1,1
EML-2026-00545,0,pass,pass,fail,2,1,1
EML-2026-00546,1,pass,pass,pass,3,1,0
EML-2026-00547,0,pass,pass,pass,5,1,0
EML-2026-00548,0,pass,pass,none,4,0,1
EML-2026-00549,0,none,fail,pass,4,0,1
EML-2026-00550,1,fail,none,pass,4,1,1
EML-2026-00551,0,softfail,fail,fail,6,1,1
EML-2026-00552,1,pass,pass,fail,3,0,1
EML-2026-00553,0,fail,fail,fail,5,1,1
EML-2026-00554,0,pass,pass,pass,4,1,1
EML-2026-00555,1,softfail,pass,none,3,0,1
EML-2026-00556,0,pass,pass,pass,4,1,0
EML-2026-00557,0,pass,pass,pass,0,1,0
EML-2026-00558,0,pass,pass,pass,4,1,0
EML-2026-00559,1,pass,fail,none,8,1,1
EML-2026-00560,1,fail,fail,fail,2,0,1
EML-2026-00561,1,pass,pass,pass,1,0,1
EML-2026-00562,0,pass,none,pass,2,1,0
EML-2026-00563,0,pass,pass,pass,2,1,0
EML-2026-00564,0,pass,pass,pass,2,1,0
EML-2026-00565,0,pass,pass,pass,1,1,0
EML-2026-00566,1,pass,fail,fail,6,0,1
EML-2026-00567,0,pass,pass,pass,3,1,0
EML-2026-00568,0,pass,pass,fail,2,0,0
EML-2026-00569,0,pass,pass,fail,5,1,1
EML-2026-00570,0,pass,pass,pass,4,1,0
EML-2026-00571,0,fail,none,fail,3,1,1
EML-2026-00572,1,fail,fail,fail,9,0,1
EML-2026-00573,0,pass,pass,pass,3,1,0
EML-2026-00574,1,fail,fail,fail,4,1,1
EML-2026-00575,0,softfail,none,none,2,1,1
EML-2026-00576,1,pass,fail,none,3,1,1
EML-2026-00577,0,pass,pass,pass,4,0,0
EML-2026-00578,1,fail,none,fail,8,0,1
EML-2026-00579,0,pass,pass,pass,3,1,0
EML-2026-00580,0,softfail,pass,pass,2,1,0
EML-2026-00581,0,pass,pass,pass,5,1,0
EML-2026-00582,0,none,none,fail,2,1,1
EML-2026-00583,0,pass,fail,pass,3,1,0
EML-2026-00584,0,pass,fail,fail,1,1,0
EML-2026-00585,0,pass,pass,pass,3,1,1
EML-2026-00586,0,pass,fail,pass,1,1,0
EML-2026-00587,0,pass,pass,pass,0,1,0
EML-2026-00588,0,pass,pass,pass,2,1,0
EML-2026-00589,0,pass,pass,fail,2,1,0
EML-2026-00590,0,pass,pass,none,2,1,0
EML-2026-00591,0,pass,pass,pass,2,1,0
EML-2026-00592,0,pass,fail,pass,5,1,1
EML-2026-00593,0,fail,fail,pass,7,1,0
EML-2026-00594,1,pass,pass,pass,2,1,0
EML-2026-00595,1,softfail,pass,fail,2,0,1
EML-2026-00596,0,pass,fail,pass,3,1,0
EML-2026-00597,1,fail,pass,fail,2,0,1
EML-2026-00598,0,pass,pass,pass,2,1,0
EML-2026-00599,0,pass,pass,pass,2,1,0
EML-2026-00600,0,pass,pass,pass,0,1,0
EML-2026-00601,0,pass,pass,pass,1,0,0
EML-2026-00602,0,pass,pass,pass,4,1,0
EML-2026-00603,0,pass,pass,pass,2,1,0
EML-2026-00604,0,pass,pass,pass,2,1,0
EML-2026-00605,0,pass,pass,pass,0,1,0
EML-2026-00606,0,pass,pass,fail,3,1,0
EML-2026-00607,0,pass,pass,fail,1,1,0
EML-2026-00608,0,pass,pass,pass,10,1,0
EML-2026-00609,0,fail,none,fail,1,1,1
EML-2026-00610,0,fail,fail,fail,7,1,1
EML-2026-00611,0,softfail,pass,pass,3,1,0
EML-2026-00612,0,softfail,none,pass,1,1,1
EML-2026-00613,1,pass,fail,fail,2,1,1
EML-2026-00614,0,pass,pass,pass,3,1,0
EML-2026-00615,1,softfail,fail,fail,8,1,1
EML-2026-00616,0,softfail,fail,fail,1,1,1
EML-2026-00617,0,pass,pass,none,2,1,0
EML-2026-00618,0,pass,pass,pass,3,1,0
EML-2026-00619,0,fail,fail,none,3,1,1
EML-2026-00620,1,fail,fail,pass,5,0,1
EML-2026-00621,0,pass,fail,pass,1,1,0
EML-2026-00622,0,pass,pass,pass,1,1,0
EML-2026-00623,0,softfail,pass,pass,3,1,0
EML-2026-00624,0,pass,pass,pass,2,1,0
EML-2026-00625,1,fail,fail,pass,6,1,1
EML-2026-00626,0,pass,pass,pass,4,1,0
EML-2026-00627,0,pass,fail,pass,2,1,0
EML-2026-00628,0,fail,none,fail,3,0,1
EML-2026-00629,0,pass,pass,pass,1,1,0
EML-2026-00630,0,pass,pass,pass,3,1,0
EML-2026-00631,1,fail,none,none,4,1,1
EML-2026-00632,0,fail,none,fail,5,0,1
EML-2026-00633,1,softfail,fail,fail,10,1,1
EML-2026-00634,0,pass,fail,fail,3,1,1
EML-2026-00635,0,pass,pass,none,2,1,0
EML-2026-00636,0,pass,pass,pass,3,1,0
EML-2026-00637,1,fail,none,fail,6,1,1
EML-2026-00638,0,pass,pass,pass,6,1,0
EML-2026-00639,0,pass,pass,pass,2,1,0
EML-2026-00640,0,none,pass,pass,0,1,0
EML-2026-00641,0,pass,pass,pass,2,1,0
EML-2026-00642,0,pass,pass,fail,3,1,0
EML-2026-00643,0,pass,pass,pass,1,1,0
EML-2026-00644,0,pass,pass,fail,0,1,0
EML-2026-00645,0,pass,pass,fail,3,1,0
EML-2026-00646,0,pass,fail,fail,1,0,1
EML-2026-00647,0,none,fail,fail,4,1,1
EML-2026-00648,0,none,none,fail,8,1,1
EML-2026-00649,1,fail,pass,none,3,0,1
EML-2026-00650,0,pass,pass,pass,3,1,0
EML-2026-00651,0,pass,pass,pass,0,1,0
EML-2026-00652,1,softfail,fail,fail,9,0,1
EML-2026-00653,1,fail,none,none,5,0,1
EML-2026-00654,0,pass,fail,fail,3,1,1
EML-2026-00655,0,pass,pass,pass,4,1,0
EML-2026-00656,0,pass,pass,pass,1,1,0
EML-2026-00657,0,pass,pass,pass,1,1,0
EML-2026-00658,0,fail,pass,pass,1,1,0
EML-2026-00659,0,none,fail,none,2,1,1
EML-2026-00660,0,fail,fail,fail,6,1,1
EML-2026-00661,0,pass,pass,pass,2,1,0
EML-2026-00662,0,none,fail,fail,5,0,1
EML-2026-00663,0,pass,fail,fail,7,1,1
EML-2026-00664,0,pass,fail,pass,2,1,0
EML-2026-00665,0,pass,none,pass,4,1,0
EML-2026-00666,0,fail,pass,pass,2,1,0
EML-2026-00667,0,pass,pass,pass,1,1,0
EML-2026-00668,0,pass,pass,pass,0,0,0
EML-2026-00669,0,none,pass,pass,4,1,0
EML-2026-00670,0,pass,pass,pass,2,1,0
EML-2026-00671,0,pass,pass,pass,6,1,0
EML-2026-00672,1,pass,pass,pass,2,1,1
EML-2026-00673,0,pass,pass,pass,3,1,0
EML-2026-00674,1,fail,fail,fail,5,1,1
EML-2026-00675,0,pass,pass,pass,4,1,0
EML-2026-00676,0,fail,pass,pass,6,1,1
EML-2026-00677,0,pass,pass,pass,4,1,0
EML-2026-00678,0,pass,pass,pass,0,1,0
EML-2026-00679,0,softfail,pass,pass,1,1,1
EML-2026-00680,0,pass,fail,fail,6,0,1
EML-2026-00681,0,pass,fail,fail,4,1,1
EML-2026-00682,0,pass,pass,pass,1,1,0
EML-2026-00683,0,pass,pass,pass,5,1,0
EML-2026-00684,1,fail,pass,pass,3,0,1
EML-2026-00685,1,softfail,fail,pass,2,1,1
EML-2026-00686,1,fail,pass,fail,5,1,1
EML-2026-00687,1,fail,pass,fail,4,0,1
EML-2026-00688,0,pass,pass,pass,2,1,0
EML-2026-00689,0,pass,fail,none,4,1,1
EML-2026-00690,0,pass,pass,pass,6,1,0
EML-2026-00691,0,pass,pass,pass,4,1,0
EML-2026-00692,0,pass,pass,pass,2,1,0
EML-2026-00693,0,softfail,fail,fail,8,0,1
EML-2026-00694,0,pass,pass,pass,5,1,0
EML-2026-00695,1,pass,pass,pass,1,1,0
EML-2026-00696,1,fail,pass,pass,3,1,1
EML-2026-00697,0,softfail,pass,pass,5,1,0
EML-2026-00698,0,pass,pass,fail,5,0,1
EML-2026-00699,0,pass,pass,pass,2,1,0
EML-2026-00700,0,pass,pass,pass,4,1,0
EML-2026-00701,1,none,fail,pass,10,1,1
EML-2026-00702,0,pass,pass,none,0,1,0
EML-2026-00703,0,pass,pass,pass,3,1,0
EML-2026-00704,0,pass,pass,fail,3,1,0
EML-2026-00705,0,pass,pass,pass,3,1,0
EML-2026-00706,0,pass,fail,fail,4,1,1
EML-2026-00707,0,pass,pass,pass,6,1,0
EML-2026-00708,1,fail,fail,fail,7,1,1
EML-2026-00709,0,pass,pass,pass,1,1,0
EML-2026-00710,0,pass,fail,fail,3,0,1
EML-2026-00711,1,fail,fail,none,5,0,1
EML-2026-00712,1,pass,none,fail,4,1,1
EML-2026-00713,0,softfail,pass,pass,6,1,0
EML-2026-00714,0,pass,pass,pass,2,1,0
EML-2026-00715,0,pass,pass,pass,0,1,0
EML-2026-00716,1,fail,none,fail,6,0,1
EML-2026-00717,1,none,none,fail,5,1,1
EML-2026-00718,0,fail,fail,none,6,1,1
EML-2026-00719,0,pass,pass,pass,5,1,0
EML-2026-00720,1,fail,fail,pass,2,0,1
EML-2026-00721,1,softfail,fail,pass,3,1,1
EML-2026-00722,0,pass,pass,none,2,1,0
EML-2026-00723,0,pass,pass,pass,7,1,0
EML-2026-00724,0,pass,fail,none,3,0,1
EML-2026-00725,0,fail,fail,fail,4,1,1
EML-2026-00726,1,fail,fail,fail,4,0,1
EML-2026-00727,0,pass,pass,pass,2,1,0
EML-2026-00728,0,fail,fail,fail,2,1,1
EML-2026-00729,0,pass,pass,pass,4,1,0
EML-2026-00730,0,pass,pass,pass,3,1,0
EML-2026-00731,0,pass,pass,pass,6,1,0
EML-2026-00732,1,fail,fail,none,7,0,1
EML-2026-00733,1,softfail,none,none,4,0,1
EML-2026-00734,0,fail,pass,none,3,1,1
EML-2026-00735,0,pass,pass,pass,2,1,0
EML-2026-00736,1,softfail,pass,fail,3,0,1
EML-2026-00737,0,pass,pass,pass,3,1,0
EML-2026-00738,0,fail,none,none,5,1,1
EML-2026-00739,0,none,pass,pass,3,1,0
EML-2026-00740,0,softfail,pass,pass,1,1,0
EML-2026-00741,0,pass,pass,pass,2,1,0
EML-2026-00742,0,pass,pass,pass,2,0,0
EML-2026-00743,0,fail,none,fail,1,1,1
EML-2026-00744,0,pass,pass,fail,3,1,1
EML-2026-00745,0,pass,pass,pass,2,1,0
EML-2026-00746,1,fail,fail,none,3,1,1
EML-2026-00747,0,softfail,pass,pass,3,1,0
EML-2026-00748,1,softfail,pass,fail,5,0,1
EML-2026-00749,0,fail,fail,fail,6,0,1
EML-2026-00750,0,fail,pass,none,4,0,1
EML-2026-00751,1,pass,fail,pass,4,1,0
EML-2026-00752,0,pass,pass,fail,5,1,1
EML-2026-00753,0,pass,none,none,3,1,1
EML-2026-00754,0,pass,pass,pass,1,1,0
EML-2026-00755,0,pass,pass,none,2,1,0
EML-2026-00756,0,softfail,none,fail,2,1,1
EML-2026-00757,0,fail,none,fail,4,1,1
EML-2026-00758,1,pass,fail,pass,1,0,1
EML-2026-00759,1,pass,pass,fail,5,1,1
EML-2026-00760,0,fail,fail,fail,8,1,1
EML-2026-00761,0,fail,pass,none,5,0,0
EML-2026-00762,0,pass,pass,none,4,1,0
EML-2026-00763,0,pass,pass,none,2,1,0
EML-2026-00764,1,fail,pass,fail,2,1,1
EML-2026-00765,0,pass,pass,none,3,1,0
EML-2026-00766,0,none,fail,fail,6,0,1
EML-2026-00767,1,softfail,pass,none,5,1,1
EML-2026-00768,1,fail,fail,pass,5,0,1
EML-2026-00769,0,pass,pass,pass,3,1,0
EML-2026-00770,0,fail,fail,none,4,1,1
EML-2026-00771,0,pass,pass,none,3,1,0
EML-2026-00772,1,pass,fail,fail,8,1,1
EML-2026-00773,0,pass,pass,pass,2,1,0
EML-2026-00774,0,softfail,pass,pass,0,1,0
EML-2026-00775,0,fail,fail,fail,3,1,1
EML-2026-00776,0,pass,pass,pass,3,1,0
EML-2026-00777,0,fail,pass,pass,1,1,0
EML-2026-00778,1,pass,fail,pass,4,0,1
EML-2026-00779,1,pass,none,pass,6,1,1
EML-2026-00780,1,pass,pass,fail,4,1,1
EML-2026-00781,0,fail,none,pass,4,0,1
EML-2026-00782,0,fail,fail,fail,6,0,1
EML-2026-00783,0,pass,pass,pass,2,1,0
EML-2026-00784,0,pass,pass,pass,1,1,0
EML-2026-00785,0,pass,pass,pass,0,1,0
EML-2026-00786,0,softfail,none,fail,4,0,1
EML-2026-00787,0,pass,fail,fail,1,1,1
EML-2026-00788,0,pass,pass,pass,3,1,0
EML-2026-00789,0,pass,pass,pass,2,1,0
EML-2026-00790,1,fail,pass,none,3,1,1
EML-2026-00791,0,pass,pass,pass,2,1,0
EML-2026-00792,1,fail,fail,fail,7,1,1
EML-2026-00793,0,pass,none,fail,2,1,1
EML-2026-00794,0,softfail,fail,fail,1,1,1
EML-2026-00795,0,pass,pass,pass,0,1,0
EML-2026-00796,0,pass,fail,fail,6,1,1
EML-2026-00797,0,fail,fail,fail,2,0,1
EML-2026-00798,0,softfail,fail,pass,6,1,1
EML-2026-00799,0,pass,none,fail,6,0,1
EML-2026-00800,0,none,fail,fail,6,1,1
EML-2026-00801,0,none,pass,none,8,1,1
EML-2026-00802,0,pass,pass,none,5,1,0
EML-2026-00803,0,fail,pass,fail,5,1,1
EML-2026-00804,0,softfail,pass,none,5,1,1
EML-2026-00805,0,pass,pass,pass,7,1,0
EML-2026-00806,0,fail,none,none,9,1,1
EML-2026-00807,1,none,fail,none,6,1,1
EML-2026-00808,0,none,pass,pass,7,1,1
EML-2026-00809,0,softfail,pass,pass,3,1,0
EML-2026-00810,0,pass,pass,pass,1,1,0
EML-2026-00811,1,pass,pass,pass,3,1,1
EML-2026-00812,0,pass,pass,fail,7,1,1
EML-2026-00813,0,pass,pass,fail,4,1,0
EML-2026-00814,0,fail,none,none,8,1,1
EML-2026-00815,0,fail,pass,fail,6,1,1
EML-2026-00816,1,fail,pass,none,1,1,1
EML-2026-00817,0,softfail,none,none,8,0,1
EML-2026-00818,0,pass,pass,pass,0,1,0
EML-2026-00819,0,pass,fail,pass,1,1,0
EML-2026-00820,0,pass,pass,pass,4,0,0
EML-2026-00821,1,pass,pass,pass,5,1,1
EML-2026-00822,0,pass,pass,pass,1,1,0
EML-2026-00823,0,pass,pass,pass,4,1,0
EML-2026-00824,0,pass,pass,pass,4,1,0
EML-2026-00825,1,pass,fail,none,2,1,1
EML-2026-00826,1,pass,pass,fail,12,1,1
EML-2026-00827,0,pass,pass,fail,2,1,0
EML-2026-00828,0,pass,pass,pass,1,1,0
EML-2026-00829,0,none,fail,none,4,1,1
EML-2026-00830,0,pass,pass,pass,3,1,0
EML-2026-00831,0,pass,pass,pass,1,1,0
EML-2026-00832,0,pass,pass,fail,3,1,0
EML-2026-00833,0,pass,pass,pass,0,1,0
EML-2026-00834,0,pass,pass,pass,6,1,0
EML-2026-00835,0,fail,pass,pass,1,1,0
EML-2026-00836,0,pass,pass,pass,1,1,0
EML-2026-00837,1,none,none,none,2,1,1
EML-2026-00838,0,pass,pass,pass,1,1,0
EML-2026-00839,1,fail,pass,none,4,1,1
EML-2026-00840,1,softfail,none,pass,4,0,1
EML-2026-00841,0,pass,pass,pass,1,1,0
EML-2026-00842,0,softfail,pass,pass,5,0,1
EML-2026-00843,0,pass,pass,pass,4,1,0
EML-2026-00844,0,softfail,fail,pass,6,1,1
EML-2026-00845,0,pass,pass,pass,2,1,0
EML-2026-00846,0,pass,pass,pass,4,1,0
EML-2026-00847,0,pass,pass,pass,3,1,0
EML-2026-00848,1,fail,pass,fail,8,1,1
EML-2026-00849,1,fail,pass,pass,5,1,1
EML-2026-00850,1,fail,fail,pass,5,1,1
EML-2026-00851,0,fail,pass,pass,1,1,0
EML-2026-00852,0,fail,pass,fail,4,1,1
EML-2026-00853,0,pass,pass,pass,1,1,0
EML-2026-00854,0,pass,fail,pass,3,1,1
EML-2026-00855,0,softfail,pass,pass,4,1,0
EML-2026-00856,0,pass,pass,pass,1,1,0
EML-2026-00857,0,pass,pass,pass,1,1,0
EML-2026-00858,0,pass,pass,fail,1,1,0
EML-2026-00859,0,pass,pass,fail,2,0,1
EML-2026-00860,0,pass,pass,pass,2,1,0
EML-2026-00861,1,pass,fail,fail,5,1,1
EML-2026-00862,0,pass,pass,pass,3,1,0
EML-2026-00863,0,fail,none,none,9,0,1
EML-2026-00864,0,pass,pass,pass,7,1,0
EML-2026-00865,0,fail,pass,pass,0,1,0
EML-2026-00866,0,fail,pass,fail,5,0,1
EML-2026-00867,0,pass,pass,pass,6,1,0
EML-2026-00868,1,pass,none,pass,1,1,0
EML-2026-00869,1,fail,fail,fail,2,1,1
EML-2026-00870,1,fail,none,pass,10,1,1
EML-2026-00871,0,fail,pass,pass,0,1,0
EML-2026-00872,0,pass,pass,pass,2,1,0
EML-2026-00873,1,fail,fail,none,7,1,1
EML-2026-00874,0,pass,pass,pass,2,1,0
EML-2026-00875,0,pass,pass,pass,1,1,0
EML-2026-00876,0,pass,pass,pass,3,1,0
EML-2026-00877,0,fail,pass,fail,6,0,1
EML-2026-00878,1,fail,pass,none,7,1,1
EML-2026-00879,0,pass,pass,pass,1,1,0
EML-2026-00880,0,pass,pass,pass,1,1,0
EML-2026-00881,0,pass,pass,none,2,1,0
EML-2026-00882,0,softfail,pass,none,8,1,1
EML-2026-00883,0,softfail,pass,pass,2,1,0
EML-2026-00884,0,pass,pass,pass,2,1,0
EML-2026-00885,0,pass,fail,fail,4,1,1
EML-2026-00886,0,softfail,pass,pass,1,1,0
EML-2026-00887,1,softfail,fail,none,2,1,1
EML-2026-00888,0,pass,fail,pass,4,1,0
EML-2026-00889,0,pass,pass,pass,5,1,0
EML-2026-00890,0,pass,pass,pass,1,1,0
EML-2026-00891,1,pass,fail,none,9,0,1
EML-2026-00892,0,pass,pass,none,5,1,1
EML-2026-00893,0,none,fail,none,4,0,1
EML-2026-00894,0,pass,none,pass,1,1,0
EML-2026-00895,0,fail,none,none,8,1,1
EML-2026-00896,0,pass,pass,pass,3,1,0
EML-2026-00897,0,pass,pass,pass,8,1,0
EML-2026-00898,0,softfail,none,fail,3,1,1
EML-2026-00899,0,softfail,pass,pass,4,1,0
EML-2026-00900,0,pass,pass,none,4,1,0
EML-2026-00901,0,softfail,pass,pass,2,1,0
EML-2026-00902,0,pass,pass,pass,2,1,0
EML-2026-00903,0,pass,pass,pass,4,1,0
EML-2026-00904,0,fail,none,fail,5,1,1
EML-2026-00905,0,pass,pass,none,2,1,0
EML-2026-00906,1,none,pass,fail,2,1,1
EML-2026-00907,1,fail,pass,pass,4,0,1
EML-2026-00908,0,pass,pass,pass,2,1,0
EML-2026-00909,0,pass,pass,pass,1,1,0
EML-2026-00910,0,pass,pass,pass,2,1,0
EML-2026-00911,1,pass,fail,pass,10,0,1
EML-2026-00912,0,pass,pass,pass,2,1,0
EML-2026-00913,0,softfail,pass,pass,3,1,1
EML-2026-00914,0,pass,pass,none,1,1,0
EML-2026-00915,1,fail,pass,fail,2,1,1
EML-2026-00916,0,pass,pass,pass,4,1,0
EML-2026-00917,0,pass,pass,fail,1,1,0
EML-2026-00918,0,fail,pass,fail,3,1,1
EML-2026-00919,0,pass,fail,fail,7,1,1
EML-2026-00920,0,pass,pass,pass,3,1,0
EML-2026-00921,1,pass,pass,none,4,1,1
EML-2026-00922,0,pass,pass,fail,4,1,0
EML-2026-00923,0,fail,fail,fail,2,1,1
EML-2026-00924,1,fail,pass,none,2,1,1
EML-2026-00925,0,pass,pass,pass,3,1,0
EML-2026-00926,0,pass,pass,pass,5,1,0
EML-2026-00927,0,pass,pass,fail,2,1,0
EML-2026-00928,1,softfail,fail,fail,6,1,1
EML-2026-00929,1,pass,pass,none,4,1,1
EML-2026-00930,0,pass,pass,pass,3,1,0
EML-2026-00931,0,pass,pass,pass,0,1,0
EML-2026-00932,1,pass,fail,none,2,1,1
EML-2026-00933,1,softfail,fail,pass,4,1,1
EML-2026-00934,1,none,none,none,10,1,1
EML-2026-00935,0,pass,pass,none,1,1,0
EML-2026-00936,0,pass,none,fail,3,1,0
EML-2026-00937,0,pass,pass,pass,1,0,0
EML-2026-00938,0,fail,none,fail,3,1,1
EML-2026-00939,0,pass,pass,fail,3,1,0
EML-2026-00940,1,softfail,fail,fail,4,0,1
EML-2026-00941,0,pass,pass,pass,5,1,0
EML-2026-00942,0,fail,fail,none,4,1,1
EML-2026-00943,0,fail,none,fail,6,1,1
EML-2026-00944,0,softfail,fail,none,1,1,1
EML-2026-00945,0,pass,none,pass,1,1,0
EML-2026-00946,0,pass,pass,pass,4,1,0
EML-2026-00947,0,softfail,pass,pass,1,1,0
EML-2026-00948,0,softfail,pass,fail,6,1,1
EML-2026-00949,0,none,none,fail,6,1,1
EML-2026-00950,1,fail,fail,pass,8,1,1
EML-2026-00951,0,pass,fail,none,4,0,1
EML-2026-00952,0,softfail,fail,fail,9,0,1
EML-2026-00953,0,pass,pass,pass,5,1,0
EML-2026-00954,0,fail,none,fail,4,1,1
EML-2026-00955,1,pass,pass,pass,1,1,0
EML-2026-00956,0,pass,pass,pass,2,1,0
EML-2026-00957,0,fail,pass,pass,3,1,1
EML-2026-00958,0,pass,pass,pass,1,1,0
EML-2026-00959,0,pass,pass,pass,2,1,0
EML-2026-00960,1,softfail,pass,pass,4,1,1
EML-2026-00961,0,pass,pass,pass,4,1,0
EML-2026-00962,1,pass,fail,pass,4,1,1
EML-2026-00963,0,pass,pass,pass,3,1,0
EML-2026-00964,0,pass,pass,pass,2,1,0
EML-2026-00965,0,fail,none,pass,3,1,0
EML-2026-00966,0,pass,none,pass,1,1,0
EML-2026-00967,0,softfail,pass,pass,3,1,1
EML-2026-00968,0,pass,pass,fail,0,1,0
EML-2026-00969,1,fail,fail,none,5,1,1
EML-2026-00970,0,pass,pass,pass,4,1,0
EML-2026-00971,0,fail,pass,none,6,1,1
EML-2026-00972,0,pass,fail,fail,5,1,1
EML-2026-00973,0,pass,fail,pass,3,1,1
EML-2026-00974,0,pass,pass,pass,3,1,0
EML-2026-00975,0,pass,pass,pass,2,1,0
EML-2026-00976,0,pass,pass,pass,1,1,0
EML-2026-00977,0,fail,fail,fail,4,1,1
EML-2026-00978,0,pass,pass,pass,2,1,0
EML-2026-00979,0,pass,pass,pass,0,1,0
EML-2026-00980,1,none,pass,fail,4,1,1
EML-2026-00981,0,pass,pass,pass,2,1,0
EML-2026-00982,0,pass,fail,none,5,1,1
EML-2026-00983,0,pass,pass,pass,5,1,0
EML-2026-00984,0,pass,pass,pass,1,1,0
EML-2026-00985,0,fail,fail,fail,2,0,1
EML-2026-00986,0,pass,fail,pass,3,1,0
EML-2026-00987,1,softfail,fail,fail,5,0,1
EML-2026-00988,0,pass,pass,pass,1,1,0
EML-2026-00989,0,pass,pass,pass,1,1,0
EML-2026-00990,1,pass,pass,fail,7,1,1
EML-2026-00991,1,fail,none,fail,3,0,1
EML-2026-00992,0,none,fail,pass,9,1,1
EML-2026-00993,0,pass,pass,pass,3,1,0
EML-2026-00994,0,pass,pass,fail,6,1,1
EML-2026-00995,0,pass,pass,pass,2,1,0
EML-2026-00996,0,pass,fail,fail,2,1,0
EML-2026-00997,0,fail,pass,fail,2,0,1
EML-2026-00998,0,pass,pass,pass,0,1,0
EML-2026-00999,0,none,none,fail,3,0,1
EML-2026-01000,0,pass,pass,pass,4,1,0
