sha256,filename,file_type,mime_type,file_size_bytes,signature,delivery_method,is_executable,is_archived,entropy_score,label
34b1bd5357cc923cd678b1254da733e5dfa016d6dda920d32a9afa3a0f2e7709,malicious_95_Invoice_2026.exe,exe,application/x-msdownload,78250,Emotet,email_attachment,1,0,7.45,1
805182d27f3ffeaac427690ecf41897e3ed785c99a46363b4074ea01c12e06a9,malicious_15_Invoice_2026.exe,exe,application/x-msdownload,50250,Emotet,email_attachment,1,0,7.45,1
0d89531fabb44fb45ca6db304654dd05c6d7714cde93be5ed8e82c888254e242,malicious_30_Invoice_2026.exe,exe,application/x-msdownload,55500,Emotet,email_attachment,1,0,7.45,1
bcaf01998a083d067e3f7c8bafc550bd465c5e97e5e0895dc81c31961d4c0c73,enron_58_Project_Schedule_2026.xlsx,xlsx,application/xlsx,28920,Clean,clean_corporate,0,0,4.12,0
366a02a9bb2f7e23dc52f83fd31727561a5663671cdc0209307f387a3d739256,enron_28_Organizational_Chart.pptx,pptx,application/pptx,21720,Clean,clean_corporate,0,0,4.12,0
6932a54097a95542382df26c9e4d3415091e3e82a704d96d3a654f822474d37c,enron_15_Press_Release.txt,txt,application/txt,18600,Clean,clean_corporate,0,0,4.12,0
c00ed5db9177fd1d3406f2014c6d70983b5c47593b696eceabfd4bb29ab8ecf0,malicious_69_Scan_Notice.vbs,vbs,text/vbscript,69150,AsyncRAT,email_attachment,1,0,7.45,1
3adf4d85106541a8e19d8652ce00cab3fd03837e299f5d01e3d500fc959faa3e,enron_70_Invoice_Summary.xlsx,xlsx,application/xlsx,31800,Clean,clean_corporate,0,0,4.12,0
b786d770a6fb38eb5e490fb94137eaa5eb084e22b82e973ad4ca9b4b15a871ec,enron_74_Project_Schedule_2026.xlsx,xlsx,application/xlsx,32760,Clean,clean_corporate,0,0,4.12,0
f40f3211885361fc5110b47a5bf8b78e35f97e2665283899d28f8fdbcfe8abca,malicious_45_Invoice_2026.exe,exe,application/x-msdownload,60750,Emotet,email_attachment,1,0,7.45,1
08288da359a3b57f6fc1f667b4dec8b3a54040a27a13a6e15225973af56faadd,malicious_66_Payment_Receipt.iso,iso,application/x-iso9660-image,68100,AgentTesla,email_attachment,0,1,7.45,1
ee4ca2164719ce68ac7df62a42b613501a7132f924dc8ff897c64f92056b4595,enron_82_Project_Schedule_2026.xlsx,xlsx,application/xlsx,34680,Clean,clean_corporate,0,0,4.12,0
d051740ad9ef5160ca51931fe99fb6c06a41a568e89b2c32474b1f6c3583a514,enron_65_Staff_Meeting_Minutes.docx,docx,application/docx,30600,Clean,clean_corporate,0,0,4.12,0
9cb78521283aa06356f25a5ef730e59da6565553efcb7586930c0ec6fdd7a2ab,malicious_78_Document_Update.zip,zip,application/zip,72300,Formbook,email_attachment,0,1,7.45,1
68a6b9bf8122b45b8db53caa43c15db24408a58c65c21508628384b30ed8e104,enron_86_Invoice_Summary.xlsx,xlsx,application/xlsx,35640,Clean,clean_corporate,0,0,4.12,0
efb917c5a0377f11d263fc35dcbd758c1b5d6c39dea7ff137466d8bb8d5e7c37,enron_77_Vendor_Contract_Draft.docx,docx,application/docx,33480,Clean,clean_corporate,0,0,4.12,0
2d1a88138178f84f36a856b2b041b767dcaa062cd41a99793197ac72bd669744,malicious_56_Payment_Receipt.iso,iso,application/x-iso9660-image,64600,AgentTesla,email_attachment,0,1,7.45,1
3c72e9be2193e7c0fd382b7a8066609ad3c21b2a9cbc954e6e173e31dad9fb1c,enron_52_Organizational_Chart.pptx,pptx,application/pptx,27480,Clean,clean_corporate,0,0,4.12,0
d0b100a133652c8e541f8b6eaf1ccab6a990fbc4ed20ecec6889b88c1d422246,malicious_82_Urgent_Order.js,js,application/javascript,73700,QakBot,email_attachment,1,0,7.45,1
e0d8329959a43b27154be06d113360ecd2770f365c21682c976260c0fb8bb8af,malicious_68_Document_Update.zip,zip,application/zip,68800,Formbook,email_attachment,0,1,7.45,1
d9de205d3f653b65a12d7f38f5425c475e9272fb4522c39ceecb73e1c88ef9f6,enron_24_Q3_Financial_Report.pdf,pdf,application/pdf,20760,Clean,clean_corporate,0,0,4.12,0
a2406b60804da24260b84a2944f7566086841296d2136f402487eacf8e438b12,malicious_16_Payment_Receipt.iso,iso,application/x-iso9660-image,50600,AgentTesla,email_attachment,0,1,7.45,1
f0777face567404008d676ae41355adb3c97d17ed274786bac2e907b8eba5e9b,enron_48_Q3_Financial_Report.pdf,pdf,application/pdf,26520,Clean,clean_corporate,0,0,4.12,0
6cd4e219cc386b70745d2a4acfa13687575e44de63e7fa6f59b240ad23d09326,malicious_93_Document_Update.zip,zip,application/zip,77550,Formbook,email_attachment,0,1,7.45,1
bafb4199af504067c360bd364e440537fa5d3dd4fa87aede17ac3c912ce1b7a6,malicious_65_Invoice_2026.exe,exe,application/x-msdownload,67750,Emotet,email_attachment,1,0,7.45,1
011f2ba05dc95b636b896c1d8aed68ae19fbe1f65952041b65113212763d8362,malicious_60_Invoice_2026.exe,exe,application/x-msdownload,66000,Emotet,email_attachment,1,0,7.45,1
462eb7823b2febd87345f07c52dd275b2f30106ba1415b6c0a6428664e5dc20f,malicious_84_Scan_Notice.vbs,vbs,text/vbscript,74400,AsyncRAT,email_attachment,1,0,7.45,1
e227a950eb9f7f2cb5ff034aaa1906906ce8eb5d223fd315d08d619e7e43f74a,malicious_67_Urgent_Order.js,js,application/javascript,68450,QakBot,email_attachment,1,0,7.45,1
ebe5c127182416a86ca5b5ddc8818362cca4a9d7f68da4e16166dad4a0f6ed95,enron_25_Staff_Meeting_Minutes.docx,docx,application/docx,21000,Clean,clean_corporate,0,0,4.12,0
bc03e84605e6417a98deebbfd4e74e025be2d90ff0044e6cf24b9e4e922ed94b,enron_32_Q3_Financial_Report.pdf,pdf,application/pdf,22680,Clean,clean_corporate,0,0,4.12,0
2ddf83987be48ed988b22e8eb98aa546705498dfad8553ee27458d4e3b7e3fba,malicious_9_Scan_Notice.vbs,vbs,text/vbscript,48150,AsyncRAT,email_attachment,1,0,7.45,1
a5ebf6d37b30b0172cc6b1c96631416cfe0fafe6369eb22c9f5e4264a867d4aa,malicious_18_Document_Update.zip,zip,application/zip,51300,Formbook,email_attachment,0,1,7.45,1
4afaab0af696bc1d3374c8c97cc48e3a29bbc9c3f92cb84995f38c6db7db830d,malicious_55_Invoice_2026.exe,exe,application/x-msdownload,64250,Emotet,email_attachment,1,0,7.45,1
56dd94ab41ada515db549a8d9b923abfdc40082091a7931f455f93b88d3d4e21,malicious_75_Invoice_2026.exe,exe,application/x-msdownload,71250,Emotet,email_attachment,1,0,7.45,1
0298389ab9a34b33531e3ab3952f125492548d3e9320cd4cde1f1da3ec5b28cb,enron_50_Project_Schedule_2026.xlsx,xlsx,application/xlsx,27000,Clean,clean_corporate,0,0,4.12,0
c940f8dba2333dfef61665e490ef6a049537d3d5e5a188169f499e5de44a6a57,enron_4_Organizational_Chart.pptx,pptx,application/pptx,15960,Clean,clean_corporate,0,0,4.12,0
7b2901fd1ac8d751513244e1661bb8455c0b2064f40b4b72a6aa71f55254e821,enron_35_Budget_Proposal.pdf,pdf,application/pdf,23400,Clean,clean_corporate,0,0,4.12,0
002f1a01ca2a7e89329ca36d3592351b9ce29f7545ab84e4a178db5aec62b8d9,enron_37_Vendor_Contract_Draft.docx,docx,application/docx,23880,Clean,clean_corporate,0,0,4.12,0
892fa8b677e9dd1b414486683b4de1929d0796bd88e9a84fcc89dbc20fbd9a2d,enron_64_Q3_Financial_Report.pdf,pdf,application/pdf,30360,Clean,clean_corporate,0,0,4.12,0
e72e1f3ba7b836ec469565405ba57346cb8d5ab9c66d35a2328e2dc6f3adbd66,malicious_76_Payment_Receipt.iso,iso,application/x-iso9660-image,71600,AgentTesla,email_attachment,0,1,7.45,1
112e7cf2b0142c7c22d1eb47b3c71a2a7f55f51eb6f12e022ef2803bff77332e,malicious_79_Scan_Notice.vbs,vbs,text/vbscript,72650,AsyncRAT,email_attachment,1,0,7.45,1
5958b3f94e57355683af5303c8a79bc950ff1a98c292fffe77c06e6cbae86a6f,enron_97_Staff_Meeting_Minutes.docx,docx,application/docx,38280,Clean,clean_corporate,0,0,4.12,0
1ea67e9398f08632c27358c10afbc80b9b53e3d1f9171db37f8d3af1e4296d5c,malicious_38_Document_Update.zip,zip,application/zip,58300,Formbook,email_attachment,0,1,7.45,1
df906c39262b52fc576aa779ff172920b82d1e606dac66994b80c4445304119b,malicious_24_Scan_Notice.vbs,vbs,text/vbscript,53400,AsyncRAT,email_attachment,1,0,7.45,1
d5623fe8dee3c1399732b0385e5965e2039cf8765aa6860b83f1231487163a96,enron_22_Invoice_Summary.xlsx,xlsx,application/xlsx,20280,Clean,clean_corporate,0,0,4.12,0
1cf06617a96a56088eaaa9b13a73857e45460392a2187a34776c6f2c005e42f8,enron_95_Press_Release.txt,txt,application/txt,37800,Clean,clean_corporate,0,0,4.12,0
1c45ea5dcaaa6a668c6cd9d7b4e9cc5e5e18764f129997d13a60f553822fb8f6,malicious_29_Scan_Notice.vbs,vbs,text/vbscript,55150,AsyncRAT,email_attachment,1,0,7.45,1
6380e94a2427ae6ba76e324e4bd9aba8f6348260ecb0d07c96f25a8c384ebcc3,malicious_19_Scan_Notice.vbs,vbs,text/vbscript,51650,AsyncRAT,email_attachment,1,0,7.45,1
776a43935517e6e8dcc9c327e0f358b497500fb443599888d2a3f8f4cf27e484,enron_43_Budget_Proposal.pdf,pdf,application/pdf,25320,Clean,clean_corporate,0,0,4.12,0
47d242e1ecd6ac720c3473daf74803370b506894a5243c8b89e29ba48a883f79,malicious_86_Payment_Receipt.iso,iso,application/x-iso9660-image,75100,AgentTesla,email_attachment,0,1,7.45,1
64978154f99a70a5c784e6f77223577a7307bc650da67c58f9153afcf09e0b6f,enron_14_Invoice_Summary.xlsx,xlsx,application/xlsx,18360,Clean,clean_corporate,0,0,4.12,0
13f0876afc3e7c2f475f75f5119643246147e1f710cb8f52966546e7b217ed94,enron_73_Staff_Meeting_Minutes.docx,docx,application/docx,32520,Clean,clean_corporate,0,0,4.12,0
8ab4ae582b8e06990386c8d75266f306884bfb401b93622e6a9d045109293b77,malicious_5_Invoice_2026.exe,exe,application/x-msdownload,46750,Emotet,email_attachment,1,0,7.45,1
cf195567f49a590000012f29606e6f1351defc4e320f968e1149982465c3af9a,enron_26_Project_Schedule_2026.xlsx,xlsx,application/xlsx,21240,Clean,clean_corporate,0,0,4.12,0
ea75e425f066518a7931074f03490ace82e1290bd4d75ef3272adaeb38a96ad2,enron_17_Staff_Meeting_Minutes.docx,docx,application/docx,19080,Clean,clean_corporate,0,0,4.12,0
ea0a0dd0c4a4e6b939be74656c6de6dce7f2155914eba6e0509a54e5ed915ec2,malicious_73_Document_Update.zip,zip,application/zip,70550,Formbook,email_attachment,0,1,7.45,1
106d9fa6ca151cba1839fb9b2cf1a095f6047ee2614bf826c269a47a4d5ad928,enron_40_Q3_Financial_Report.pdf,pdf,application/pdf,24600,Clean,clean_corporate,0,0,4.12,0
3f1ab9fb71591117dce3f9d02b647ef5671f35caf0aefc60f3bd6b07bdcc272c,malicious_98_Document_Update.zip,zip,application/zip,79300,Formbook,email_attachment,0,1,7.45,1
717b280bae3b85658d8ac20eb7beda28f3334abd177c715136dd89854567bc88,enron_72_Q3_Financial_Report.pdf,pdf,application/pdf,32280,Clean,clean_corporate,0,0,4.12,0
2d3ef215c906adc9421ace5d42040147a0c80e3e1ae78428d3ea7cac7e18ced0,malicious_96_Payment_Receipt.iso,iso,application/x-iso9660-image,78600,AgentTesla,email_attachment,0,1,7.45,1
dbcdd052201a9aeb0daa78c9ee4b0aea551984d644cf19f922daa26d47c25d55,enron_69_Vendor_Contract_Draft.docx,docx,application/docx,31560,Clean,clean_corporate,0,0,4.12,0
0da8681d839b633d73e7031ee9684d81b50fa4e5ef6748a08cae13c31d537b37,malicious_97_Urgent_Order.js,js,application/javascript,78950,QakBot,email_attachment,1,0,7.45,1
6abcc0d3fb2ef2f4e7b5d86ebad2d6d1775df1e096a9d1778d4e3c1168f1d7cb,malicious_31_Payment_Receipt.iso,iso,application/x-iso9660-image,55850,AgentTesla,email_attachment,0,1,7.45,1
c2e7b1a6af354cccaf9f03e75caba3e36a56f473bdbb40eb99541ff48c89bff9,malicious_12_Urgent_Order.js,js,application/javascript,49200,QakBot,email_attachment,1,0,7.45,1
da1dfb25decb6e9b03789398204b768a4abf0683777d85ddb3fcc5f711b25889,malicious_35_Invoice_2026.exe,exe,application/x-msdownload,57250,Emotet,email_attachment,1,0,7.45,1
fe25889940860e6fe791904daf7388206889e093af532d59cbc4a2aea4bdaf66,enron_19_Budget_Proposal.pdf,pdf,application/pdf,19560,Clean,clean_corporate,0,0,4.12,0
3ca7d79555eb653c504efa3791fa9d333a43f24252e998deadedc0da0a87bc5b,malicious_42_Urgent_Order.js,js,application/javascript,59700,QakBot,email_attachment,1,0,7.45,1
bbedc22d48be18a2d15441beec5b791f39628f458e5022f642ec4950e2068447,enron_89_Staff_Meeting_Minutes.docx,docx,application/docx,36360,Clean,clean_corporate,0,0,4.12,0
de13b3e72b1ca8aef909f5f6a8989f26a8dde27c66de6c816a9ed85082a23acf,malicious_90_Invoice_2026.exe,exe,application/x-msdownload,76500,Emotet,email_attachment,1,0,7.45,1
f197a4498720550355f3827b0698bfb9db8f8bfe259dc824aeabaacbd0e0d830,enron_36_Organizational_Chart.pptx,pptx,application/pptx,23640,Clean,clean_corporate,0,0,4.12,0
a6b4856cc0dd6c1aad59e82fa1d397ffb0787b69225df51c44fc3faec0060f7d,malicious_51_Payment_Receipt.iso,iso,application/x-iso9660-image,62850,AgentTesla,email_attachment,0,1,7.45,1
059a8557929942154bf9062ee1aa633a0ac97e49455a883b9e7406a9d0cfee3d,enron_27_Budget_Proposal.pdf,pdf,application/pdf,21480,Clean,clean_corporate,0,0,4.12,0
9cfe2918cde260fa6b40ed9f4c969b1c720c3723be3e98b835bc5ed0ac2e1808,enron_62_Invoice_Summary.xlsx,xlsx,application/xlsx,29880,Clean,clean_corporate,0,0,4.12,0
63104c2bdd5ac981519a47a31b5aa7d2032fb8aed90e5cdabe4ae9333bc05853,malicious_41_Payment_Receipt.iso,iso,application/x-iso9660-image,59350,AgentTesla,email_attachment,0,1,7.45,1
5c0e0dc908642d5d27e051ee3fbbb658e42a118bc6f94c6b908de39d46f2d2c6,enron_18_Project_Schedule_2026.xlsx,xlsx,application/xlsx,19320,Clean,clean_corporate,0,0,4.12,0
bdf4a86f0996abab9f8d559c90fe19bc3f017eeb6d128fe60363c4caae2ba442,enron_13_Vendor_Contract_Draft.docx,docx,application/docx,18120,Clean,clean_corporate,0,0,4.12,0
e927e60d3005612b53864a37a4aea76ce4999488873457dd164e505647ddf6c0,malicious_26_Payment_Receipt.iso,iso,application/x-iso9660-image,54100,AgentTesla,email_attachment,0,1,7.45,1
43d13e8340e4a3a22b21dd12e92581240dc4dff5c134f04ec2eb2e13fb51c343,enron_39_Press_Release.txt,txt,application/txt,24360,Clean,clean_corporate,0,0,4.12,0
7d64660e47954b8fd3f7bedb46383f8cc436feab37d5d42bc94c6281bd43fe4f,enron_0_Q3_Financial_Report.pdf,pdf,application/pdf,15000,Clean,clean_corporate,0,0,4.12,0
e673f22bdeefd940d2a64a7ea85ed2700542bdbddc0bb8af30be0d1ed0c0d31c,enron_11_Budget_Proposal.pdf,pdf,application/pdf,17640,Clean,clean_corporate,0,0,4.12,0
58ebdde4e25745c3647dfd95bf469c1400906b5b8c4c4dd0987132780cf2d10f,malicious_2_Urgent_Order.js,js,application/javascript,45700,QakBot,email_attachment,1,0,7.45,1
838816e1b161bf044b6c97ecfe05a61b0a36dd7f735c412f171b2ab6e5410a03,malicious_77_Urgent_Order.js,js,application/javascript,71950,QakBot,email_attachment,1,0,7.45,1
1541d2171f0712f3a1df1298b9da12fc0cea14f90daaf7c4e19e824d535477c2,malicious_46_Payment_Receipt.iso,iso,application/x-iso9660-image,61100,AgentTesla,email_attachment,0,1,7.45,1
087a413082e510138316013d4c76134cceb42bc1133e2d6750edc0d109cc4d72,enron_87_Press_Release.txt,txt,application/txt,35880,Clean,clean_corporate,0,0,4.12,0
7ae636917aa056a527c36fc0efc3ebef9cb8629810bb07219bca70510f372720,enron_91_Budget_Proposal.pdf,pdf,application/pdf,36840,Clean,clean_corporate,0,0,4.12,0
c81927b9a9faa4c7abec435e9a65c1751b101602d40140238f9b52c1a6338b02,malicious_85_Invoice_2026.exe,exe,application/x-msdownload,74750,Emotet,email_attachment,1,0,7.45,1
4c87c2e776545fb1c7ba39f9aab2d947554bdcefe4f3338b0cfb5283591a185b,enron_61_Vendor_Contract_Draft.docx,docx,application/docx,29640,Clean,clean_corporate,0,0,4.12,0
dbd732bd7fb80f28ef0d8e028177daa3bab29ed60f7de6fb06956893b1c77fce,malicious_36_Payment_Receipt.iso,iso,application/x-iso9660-image,57600,AgentTesla,email_attachment,0,1,7.45,1
bd26a6e5f9db8a15392b40a58e871e6b6e12f841b10c78199629dfbc800e3cbb,enron_90_Project_Schedule_2026.xlsx,xlsx,application/xlsx,36600,Clean,clean_corporate,0,0,4.12,0
1e3d1e6994d5862707d673afa9ac452b288798216221b939e00b8d69439bdf1e,malicious_61_Payment_Receipt.iso,iso,application/x-iso9660-image,66350,AgentTesla,email_attachment,0,1,7.45,1
e54d36312db69936d97c7514ae521542edf303d5900b2e8ecbc57c09d03d812e,malicious_22_Urgent_Order.js,js,application/javascript,52700,QakBot,email_attachment,1,0,7.45,1
dfd262a30537f006f84eb089ea6dfbc16bb8baf88642cea70fad24265c6214a6,enron_41_Staff_Meeting_Minutes.docx,docx,application/docx,24840,Clean,clean_corporate,0,0,4.12,0
d879fe281243d0d5cccc6f2e6835cd7328fd6e5a76dbdefae1dffcb3ef9212f2,enron_1_Staff_Meeting_Minutes.docx,docx,application/docx,15240,Clean,clean_corporate,0,0,4.12,0
d9a7f750c633cc66cda0db4d51e314c6a8902cae4e5d95958d7edd39788a5486,malicious_33_Document_Update.zip,zip,application/zip,56550,Formbook,email_attachment,0,1,7.45,1
93f9a14dc749bfba022aaa8ac5260e03f7094f9a16e493ebc8de0e88393beb71,malicious_11_Payment_Receipt.iso,iso,application/x-iso9660-image,48850,AgentTesla,email_attachment,0,1,7.45,1
b6e4e4f0a5d52c4e4d24726c6ce4cf5c6ebb9a566a7495c1d8229bf485a0aa54,enron_94_Invoice_Summary.xlsx,xlsx,application/xlsx,37560,Clean,clean_corporate,0,0,4.12,0
3d815a47ee8dce05df685e18e16e17d8a6167ebece4cfad390bed66c1ef6c549,enron_59_Budget_Proposal.pdf,pdf,application/pdf,29160,Clean,clean_corporate,0,0,4.12,0
ee2325e6f281dde4d2c9e431f409ef81f1cf9226982d5be65152a2fba55f3acf,malicious_6_Payment_Receipt.iso,iso,application/x-iso9660-image,47100,AgentTesla,email_attachment,0,1,7.45,1
5b4a4b3a8ef6e219e30a7f7e57912a604ecdf171e44d379d73a3bb2a8e7cb4b2,malicious_27_Urgent_Order.js,js,application/javascript,54450,QakBot,email_attachment,1,0,7.45,1
af977161f2dee273e0c6e7319fa22f49c357de01aba6f2c630463645c49af02c,enron_20_Organizational_Chart.pptx,pptx,application/pptx,19800,Clean,clean_corporate,0,0,4.12,0
b10c89a3c42a508c9c320f132a1e6de4472a21e49b07cd133f6670f93aa97179,malicious_4_Scan_Notice.vbs,vbs,text/vbscript,46400,AsyncRAT,email_attachment,1,0,7.45,1
3cdc7d5651c737316618addab7a15b09f26ceb3c884d4c8cc743ea5ca97d7722,malicious_32_Urgent_Order.js,js,application/javascript,56200,QakBot,email_attachment,1,0,7.45,1
fc9aa7879943a5ef176bd1158e217fc91974e0d6440b0b7881c684745f666eb6,enron_42_Project_Schedule_2026.xlsx,xlsx,application/xlsx,25080,Clean,clean_corporate,0,0,4.12,0
d58af5deddc71e41556d8b1d91faf1afa8191b8efb477a17692b2e068ff5f3a6,enron_45_Vendor_Contract_Draft.docx,docx,application/docx,25800,Clean,clean_corporate,0,0,4.12,0
fe764e80e7123a27e7a0eb3652ab6e0b19089f75ddaa73da68878360423c5d7e,enron_9_Staff_Meeting_Minutes.docx,docx,application/docx,17160,Clean,clean_corporate,0,0,4.12,0
a69181f248fca19cbbb0c11cbd950db1d7c2055042dd3bfa1a4672797c601530,enron_44_Organizational_Chart.pptx,pptx,application/pptx,25560,Clean,clean_corporate,0,0,4.12,0
a65bbfec3a8d6d660a9517a88e9c9f27b2b4619969d37f97215e7842ad252b13,malicious_10_Invoice_2026.exe,exe,application/x-msdownload,48500,Emotet,email_attachment,1,0,7.45,1
e8b32fcaa68baa200f85003a3d813a9a08eafbfc30a5f323d5ada528a66bdee1,malicious_62_Urgent_Order.js,js,application/javascript,66700,QakBot,email_attachment,1,0,7.45,1
ac0aab0b3466f7e5e89895143659a09bae1c375966b62f49604561dea60cd917,enron_12_Organizational_Chart.pptx,pptx,application/pptx,17880,Clean,clean_corporate,0,0,4.12,0
1d61e0d9bb86c2d70a10c68df5ce407d38807d7da4aaaddc5497594caf07671c,enron_46_Invoice_Summary.xlsx,xlsx,application/xlsx,26040,Clean,clean_corporate,0,0,4.12,0
8f01ca8919eeba4cd7a4bce6f1e440c7714838c68e16198d3a273cf50b237524,enron_66_Project_Schedule_2026.xlsx,xlsx,application/xlsx,30840,Clean,clean_corporate,0,0,4.12,0
39942c1b2ea2c179049591ebcc6c4d7365e45923be6ed030bdfee8b895f5d1b2,malicious_0_Invoice_2026.exe,exe,application/x-msdownload,45000,Emotet,email_attachment,1,0,7.45,1
3cb6d54f84cd0d54d38cb250ea4fbe8e86a3b052ed9516759db833b71224ab34,enron_98_Project_Schedule_2026.xlsx,xlsx,application/xlsx,38520,Clean,clean_corporate,0,0,4.12,0
4a45863e78680a338db89b61db2362260456e674cf5b14021646bc24e5554e5c,enron_53_Vendor_Contract_Draft.docx,docx,application/docx,27720,Clean,clean_corporate,0,0,4.12,0
195e03869b8bb88ff6da1fe584e943b8f01bac0568521ca17612b188346015b2,malicious_70_Invoice_2026.exe,exe,application/x-msdownload,69500,Emotet,email_attachment,1,0,7.45,1
10138ed7d8f71b87cbf4822d08b2a9c05968e09f477c085d05aa874144755aa1,enron_23_Press_Release.txt,txt,application/txt,20520,Clean,clean_corporate,0,0,4.12,0
b53b83dd8a47bd3db28a84657513e637fee1ceb3b99595e01035f612161ce6b1,malicious_64_Scan_Notice.vbs,vbs,text/vbscript,67400,AsyncRAT,email_attachment,1,0,7.45,1
72d5e2e7874bce34c4d944db7a8a78373a7693152d3bce9ce270859199690eb9,malicious_44_Scan_Notice.vbs,vbs,text/vbscript,60400,AsyncRAT,email_attachment,1,0,7.45,1
9056efc0de038e22dee9e451c2a4507436f44d7baa97a1b260c6e9d9eba9d036,enron_63_Press_Release.txt,txt,application/txt,30120,Clean,clean_corporate,0,0,4.12,0
d0954246347c978a66c50ea92688ebca8fd51d941bb7db50451b62b38889dd89,malicious_28_Document_Update.zip,zip,application/zip,54800,Formbook,email_attachment,0,1,7.45,1
404b6fda832caa157d2c73d845d22149c128ceec68f2df6fc6c9cc84f5ff1e99,malicious_40_Invoice_2026.exe,exe,application/x-msdownload,59000,Emotet,email_attachment,1,0,7.45,1
6721155d619090a7ed927bb7ee14d865626a3e7d52b2cce0fc272e0b40c25866,enron_8_Q3_Financial_Report.pdf,pdf,application/pdf,16920,Clean,clean_corporate,0,0,4.12,0
6c14cb575ecb42c970d89f39900475d1282cde03ae15dd3f1cfecd2b063198fd,enron_55_Press_Release.txt,txt,application/txt,28200,Clean,clean_corporate,0,0,4.12,0
918bb6209b212745bca74028c77e9b7c0c6731275ed4dc03b9b5ce84751f8c9d,enron_56_Q3_Financial_Report.pdf,pdf,application/pdf,28440,Clean,clean_corporate,0,0,4.12,0
955c63f604e0b1bd31443b03f7854ecde8f78e59540cddf01fb5a30f2c465cfa,malicious_25_Invoice_2026.exe,exe,application/x-msdownload,53750,Emotet,email_attachment,1,0,7.45,1
7f4036fe3273d618d00c858a77245d7cb1ed2e76d6abdba499d89a0403d7118b,malicious_23_Document_Update.zip,zip,application/zip,53050,Formbook,email_attachment,0,1,7.45,1
d9f464aa27322b137aa45aeb369a2ef22ebbd8a90402ce92dacd5cd2ca2bb602,enron_84_Organizational_Chart.pptx,pptx,application/pptx,35160,Clean,clean_corporate,0,0,4.12,0
d7ab6d922694c6b60eb7da35429de9b45764f319d994a6295df654425bca8f98,enron_47_Press_Release.txt,txt,application/txt,26280,Clean,clean_corporate,0,0,4.12,0
51c3f4bc53296e2c92aa4385f784e64f9c66c1d3d2f5255412de4da080d935db,malicious_81_Payment_Receipt.iso,iso,application/x-iso9660-image,73350,AgentTesla,email_attachment,0,1,7.45,1
b486e8871ff2cd9df7563407a4df641bd6ed1ed1d24ae72f1cbefbfc7bab6697,malicious_39_Scan_Notice.vbs,vbs,text/vbscript,58650,AsyncRAT,email_attachment,1,0,7.45,1
4b469a251327c03d77e2a9ceef06b1c62118544fcce03e42cff5b86dbdec727f,enron_68_Organizational_Chart.pptx,pptx,application/pptx,31320,Clean,clean_corporate,0,0,4.12,0
d32896fcdae440014ab1f1ab5a1f03d8bcc6f626625063d27b55a17fda3aad68,malicious_47_Urgent_Order.js,js,application/javascript,61450,QakBot,email_attachment,1,0,7.45,1
9eacdfbe949626da077317054e10a2ecab23e54d55e84c1557620fc59f7790d4,malicious_94_Scan_Notice.vbs,vbs,text/vbscript,77900,AsyncRAT,email_attachment,1,0,7.45,1
bdea7649a33e5922d3abc595cab207310da5abcc95a292b2042d482a58146203,enron_54_Invoice_Summary.xlsx,xlsx,application/xlsx,27960,Clean,clean_corporate,0,0,4.12,0
07a3002cfea9ac6633abd39b8d669ac3cc2180977e4307c372b269cf1098e201,malicious_43_Document_Update.zip,zip,application/zip,60050,Formbook,email_attachment,0,1,7.45,1
09e2841fa7d2ffed83da4188576cadb830010fbb92ec9edb3c32e74c62a33183,enron_38_Invoice_Summary.xlsx,xlsx,application/xlsx,24120,Clean,clean_corporate,0,0,4.12,0
3bb3f43f9fd3ccbc110b762a2c21d93e7fb38cfa049b6ab1effd8432c28c99c2,malicious_3_Document_Update.zip,zip,application/zip,46050,Formbook,email_attachment,0,1,7.45,1
6eba936a280e3bef90d98cbe08cc05ef52a038cc50353f57f941f6c58c8f0967,enron_5_Vendor_Contract_Draft.docx,docx,application/docx,16200,Clean,clean_corporate,0,0,4.12,0
788e31de699e3fdc5ba10f7e0e98f4dc14a4f56321affbe9a10e8984f3361fb6,malicious_53_Document_Update.zip,zip,application/zip,63550,Formbook,email_attachment,0,1,7.45,1
d706805330bd51973f3d876337aa9ef5e67cc4056e981ed0619ec16931581ed0,enron_33_Staff_Meeting_Minutes.docx,docx,application/docx,22920,Clean,clean_corporate,0,0,4.12,0
20d8ce068f9ac85d3faaa6cd3eaee71d1089fd1d9d6a95138a5991ceb22d4886,enron_80_Q3_Financial_Report.pdf,pdf,application/pdf,34200,Clean,clean_corporate,0,0,4.12,0
bff2b6724d9e3aff43c51018d8c5b25d9ea1fb704960a6586862ee69b505109a,enron_78_Invoice_Summary.xlsx,xlsx,application/xlsx,33720,Clean,clean_corporate,0,0,4.12,0
4cff58c0d6092921d54301b09bd995e1d8a7e464ac919fd263041ea2d7d9896c,enron_85_Vendor_Contract_Draft.docx,docx,application/docx,35400,Clean,clean_corporate,0,0,4.12,0
0dde83bbd701c14a87d6a88757a10a6550dfe155bb2a33fb467716dd2c1b811a,malicious_49_Scan_Notice.vbs,vbs,text/vbscript,62150,AsyncRAT,email_attachment,1,0,7.45,1
a6bc33e9635dfd98667cc49f5043a7bf1040d8aa2d44565ab60c9d5d938e1032,malicious_80_Invoice_2026.exe,exe,application/x-msdownload,73000,Emotet,email_attachment,1,0,7.45,1
60d5f4b6a10d24a3d77aa1fca55e2d2d438d98113e6ac9c989c61dca2ee463c9,malicious_34_Scan_Notice.vbs,vbs,text/vbscript,56900,AsyncRAT,email_attachment,1,0,7.45,1
428dee209558e720110fef7d874c01c5114ca03542aa89e9e319520fd74db258,malicious_7_Urgent_Order.js,js,application/javascript,47450,QakBot,email_attachment,1,0,7.45,1
bd5a99574fac105d109381b9af9a7d6a98753b8c41e5632bccb30c7042d8c498,enron_10_Project_Schedule_2026.xlsx,xlsx,application/xlsx,17400,Clean,clean_corporate,0,0,4.12,0
adf3cd61927b60c4ba1d9a448401557a03be7bdff12a2e9e3a563c9ab1101de1,malicious_91_Payment_Receipt.iso,iso,application/x-iso9660-image,76850,AgentTesla,email_attachment,0,1,7.45,1
ef10e595698dda8be386c8c68c0f35a60ba5332f638785a486aff3322bf0a488,malicious_83_Document_Update.zip,zip,application/zip,74050,Formbook,email_attachment,0,1,7.45,1
7febdf2975e50fbfe782a3212b434ed62ca16a80d673bf8a0ff348993000f5f1,enron_76_Organizational_Chart.pptx,pptx,application/pptx,33240,Clean,clean_corporate,0,0,4.12,0
31dfbc4fe00772e37fbfc457c8afb27a518886352f008885dfa2c562a6adeb5d,enron_81_Staff_Meeting_Minutes.docx,docx,application/docx,34440,Clean,clean_corporate,0,0,4.12,0
6c56b73dfcfc9b42ce1d2761e7603355568517b7d72cb1a56cf7107057e57dca,malicious_89_Scan_Notice.vbs,vbs,text/vbscript,76150,AsyncRAT,email_attachment,1,0,7.45,1
2b397529c76d8dfd63179e32c16eb349af8adefd56e6cf10c542b48d73a3c4a3,malicious_8_Document_Update.zip,zip,application/zip,47800,Formbook,email_attachment,0,1,7.45,1
ac16afe273bfb040fdb0feab596516ff10c3c4c163b3ae401d98b00adea18c44,malicious_13_Document_Update.zip,zip,application/zip,49550,Formbook,email_attachment,0,1,7.45,1
345a6680390dcdc6c38ac55b229cc4ebfab728e048f9dffeeb3eb7ea4e2be0ad,malicious_59_Scan_Notice.vbs,vbs,text/vbscript,65650,AsyncRAT,email_attachment,1,0,7.45,1
cb4f056fb984fcb98f2a4779dcc994c30b94d68d1452c8a83c2f21cc9c63c792,enron_71_Press_Release.txt,txt,application/txt,32040,Clean,clean_corporate,0,0,4.12,0
b0d5e9344615be480a5c1c8eb6a77d96e14fa4eddeb82157ea56562c314fc3cf,enron_31_Press_Release.txt,txt,application/txt,22440,Clean,clean_corporate,0,0,4.12,0
42c1d5fad2d0635eb82518e07904c76bd8624493cb40716b18ff7fee9366188a,malicious_17_Urgent_Order.js,js,application/javascript,50950,QakBot,email_attachment,1,0,7.45,1
68571cb2d5eb92836b0b922ff9228e65dddd2eb1f67c9c0b506140d792f2d772,malicious_72_Urgent_Order.js,js,application/javascript,70200,QakBot,email_attachment,1,0,7.45,1
11bae72961b77796e08ee6eed038ac5afa014b1481b16e2a67cb0a6ca5c6ae3a,enron_75_Budget_Proposal.pdf,pdf,application/pdf,33000,Clean,clean_corporate,0,0,4.12,0
baf7f4510591dcd52e565670550539c51de746c426ede72b1975d9fe5f7ed51b,enron_34_Project_Schedule_2026.xlsx,xlsx,application/xlsx,23160,Clean,clean_corporate,0,0,4.12,0
f45eb1dc0e2df5a571f93627c6015aa34b7096f29f9c69256b5e8fce12ece4a3,enron_67_Budget_Proposal.pdf,pdf,application/pdf,31080,Clean,clean_corporate,0,0,4.12,0
3d039a2a9a79fdce7642d877120dff2d255041e14bcb6dbc7ed7a69c07805cdc,enron_83_Budget_Proposal.pdf,pdf,application/pdf,34920,Clean,clean_corporate,0,0,4.12,0
84c70649ff859ebc45b93de1e0178f9e1d7c4aa92e0316639ff30d5fee5a24c7,malicious_63_Document_Update.zip,zip,application/zip,67050,Formbook,email_attachment,0,1,7.45,1
963868521bc33454956ef39cc1122f16a6653369bf049fd14818d313e2a57183,malicious_54_Scan_Notice.vbs,vbs,text/vbscript,63900,AsyncRAT,email_attachment,1,0,7.45,1
dfe270ed1a3d818af29028df19895ae34a9f67f091dac405a47297748b9b6145,enron_7_Press_Release.txt,txt,application/txt,16680,Clean,clean_corporate,0,0,4.12,0
7b581d84d31eda5eb61cd4ddc76fbf4584e0ebe127c6db92180f8cfcdc0108bd,malicious_50_Invoice_2026.exe,exe,application/x-msdownload,62500,Emotet,email_attachment,1,0,7.45,1
d8ff4bf96acb67370f9076dd2ec22ee6a89412452e72f252e8d80c49a5ca6f21,enron_96_Q3_Financial_Report.pdf,pdf,application/pdf,38040,Clean,clean_corporate,0,0,4.12,0
667a706ca1fe7e107aa6cf4589e7eb7f2e297a7543a4f1e643ae5f58637f1e62,malicious_58_Document_Update.zip,zip,application/zip,65300,Formbook,email_attachment,0,1,7.45,1
939c2dd0511986a10441bdd421034b6632a542b3574405d2b37de876ea71b6a4,malicious_48_Document_Update.zip,zip,application/zip,61800,Formbook,email_attachment,0,1,7.45,1
ccfe880780377fe2f3858a5d14dd402e5c1fc6bf241811912a3f21be767af60b,malicious_88_Document_Update.zip,zip,application/zip,75800,Formbook,email_attachment,0,1,7.45,1
d691ac651872d4eb7ce2d83fc573d2a141c0534181337667b0f958c404ab9fcc,malicious_21_Payment_Receipt.iso,iso,application/x-iso9660-image,52350,AgentTesla,email_attachment,0,1,7.45,1
e1f13c18f03a637aac8af572ebcab68a7fbc27a22e713989a1666f6e898e3478,malicious_57_Urgent_Order.js,js,application/javascript,64950,QakBot,email_attachment,1,0,7.45,1
fc3473c4fafe0a628cfbe1273091ccea81c8bc0558f70a1cfd5342dfa47fa30e,enron_60_Organizational_Chart.pptx,pptx,application/pptx,29400,Clean,clean_corporate,0,0,4.12,0
21e5c0d0174ad0b31e15e95d1b937054efbc39546625adc159aca8a56cfc9a3b,enron_92_Organizational_Chart.pptx,pptx,application/pptx,37080,Clean,clean_corporate,0,0,4.12,0
5c417c1c3ea532118e7d48b2c934db65e1baee0a35e9b73311261a6aabeae963,enron_29_Vendor_Contract_Draft.docx,docx,application/docx,21960,Clean,clean_corporate,0,0,4.12,0
4cd1ba85afd365e7f703d0e69a880fbeaef587ffcf13318c250535b374927682,malicious_37_Urgent_Order.js,js,application/javascript,57950,QakBot,email_attachment,1,0,7.45,1
fb9b4a7817f1ea27775867b0e1a3e459dc45b3f59a8938f4e0c24d9d132ff0c2,enron_57_Staff_Meeting_Minutes.docx,docx,application/docx,28680,Clean,clean_corporate,0,0,4.12,0
7c277294a241c656aec0f8f9f77f9db69efdfb9dd1e0c361cf83e3459a429f42,enron_93_Vendor_Contract_Draft.docx,docx,application/docx,37320,Clean,clean_corporate,0,0,4.12,0
5d15eb26edbdfcfaf4a3f99ab0835bf20272fddaa62913d88003bfce3ae0c38c,malicious_1_Payment_Receipt.iso,iso,application/x-iso9660-image,45350,AgentTesla,email_attachment,0,1,7.45,1
8121ad2e328b15cd4a18645d858b1032ddf9562d4d3b7829c45abcac41e6ee35,malicious_52_Urgent_Order.js,js,application/javascript,63200,QakBot,email_attachment,1,0,7.45,1
9fce7086e43414e957357a005551356c9a2b3b15928416031e34c96d0058a22a,enron_49_Staff_Meeting_Minutes.docx,docx,application/docx,26760,Clean,clean_corporate,0,0,4.12,0
4dd9f8a75037357d3c8b69b263acabe8836b457d728397f6baae0aae21de46cc,enron_30_Invoice_Summary.xlsx,xlsx,application/xlsx,22200,Clean,clean_corporate,0,0,4.12,0
ff47e83910cc95f276d330957f7fb42261424e84f1c1607621e3414c7dc75f5b,enron_51_Budget_Proposal.pdf,pdf,application/pdf,27240,Clean,clean_corporate,0,0,4.12,0
c67e660ec1f14ee7f7f29a5a2d079b28e6725eae3eeab41804a403400a616477,enron_3_Budget_Proposal.pdf,pdf,application/pdf,15720,Clean,clean_corporate,0,0,4.12,0
72765d22138e8e42b33bf26ac0f7e76ddfca61c81b2ed940e64fafe15d07af7a,malicious_99_Scan_Notice.vbs,vbs,text/vbscript,79650,AsyncRAT,email_attachment,1,0,7.45,1
cf0d3642fcbe58b8de896765a33762dea7d8306694613502edcbbbc66fa7b174,enron_16_Q3_Financial_Report.pdf,pdf,application/pdf,18840,Clean,clean_corporate,0,0,4.12,0
76db9ef349657f9814377f09447a655ec6ece8b72b2c205216b6925d8ec38b89,malicious_87_Urgent_Order.js,js,application/javascript,75450,QakBot,email_attachment,1,0,7.45,1
9e30280c3aa8521602f4cfa252623b2bb465b408d3129ccb7482ecf5456a8f1d,malicious_74_Scan_Notice.vbs,vbs,text/vbscript,70900,AsyncRAT,email_attachment,1,0,7.45,1
5d45cc0162522180171d1909d46df0b69f82725059d984ce7b79aac62556c14e,enron_21_Vendor_Contract_Draft.docx,docx,application/docx,20040,Clean,clean_corporate,0,0,4.12,0
35927e1c2dd1a8e9e493ee29a57aa710bf62586a533f2ca89edf5b040f1382bf,enron_99_Budget_Proposal.pdf,pdf,application/pdf,38760,Clean,clean_corporate,0,0,4.12,0
d3ccebc905c34e0c1bb6e089c9e2e7c2da8250aac1c99e6fddb4561169a64128,malicious_20_Invoice_2026.exe,exe,application/x-msdownload,52000,Emotet,email_attachment,1,0,7.45,1
aae232cf95f40538ca568399ef4a176500c2abddc501bcafac8cc8778abfe4e4,enron_88_Q3_Financial_Report.pdf,pdf,application/pdf,36120,Clean,clean_corporate,0,0,4.12,0
6346adf2d8b051930a7f0f48a06953b0f10096a8f04c9ddc15f322bff2454057,malicious_71_Payment_Receipt.iso,iso,application/x-iso9660-image,69850,AgentTesla,email_attachment,0,1,7.45,1
be1ddb34c35104eb9f090d82a09dcb3ce4ca2a23c7e87d10c4c4c80525bf0cf7,enron_6_Invoice_Summary.xlsx,xlsx,application/xlsx,16440,Clean,clean_corporate,0,0,4.12,0
3814aa8342f3c6b0b38a260748dbaf4615538ae4f8f82b6575bca0c96379baee,malicious_14_Scan_Notice.vbs,vbs,text/vbscript,49900,AsyncRAT,email_attachment,1,0,7.45,1
ecd33611a95137966d1d2503b8e76f75ce4bee558edb588b84c8b3c1a9b153fd,malicious_92_Urgent_Order.js,js,application/javascript,77200,QakBot,email_attachment,1,0,7.45,1
aed81c0754d83a7c98fd9495ce57949be28650e1e391b119391d0d0977e5f5c5,enron_79_Press_Release.txt,txt,application/txt,33960,Clean,clean_corporate,0,0,4.12,0
cf749f1f360e88f0c10cb04daabcac6cb635a924c1557a64464177638ae3338d,enron_2_Project_Schedule_2026.xlsx,xlsx,application/xlsx,15480,Clean,clean_corporate,0,0,4.12,0
